2.003999999999999915e+01,4.380302018893435408e-03
2.007999999999999829e+01,5.382807127854646878e-03
2.012000000000000099e+01,8.637626422226471479e-03
2.016000000000000014e+01,2.254494209323354339e-03
2.019999999999999929e+01,9.638462605890404239e-03
2.023999999999999844e+01,0.000000000000000000e+00
2.028000000000000114e+01,4.629282699868756019e-03
2.032000000000000028e+01,6.879938357633939329e-03
2.035999999999999943e+01,7.252610724343784218e-03
2.039999999999999858e+01,1.325694283235319230e-02
2.044000000000000128e+01,1.037429425848186357e-02
2.048000000000000043e+01,1.036977188444931572e-02
2.051999999999999957e+01,6.609859478545255553e-03
2.055999999999999872e+01,6.228717968768802959e-03
2.060000000000000142e+01,1.110375882213906346e-02
2.064000000000000057e+01,6.090538108216318226e-03
2.067999999999999972e+01,4.706412529046735335e-03
2.071999999999999886e+01,8.328150745841863406e-03
2.076000000000000156e+01,5.440969170267119341e-03
2.080000000000000071e+01,1.106415292179157607e-02
2.083999999999999986e+01,6.173276324966423673e-03
2.087999999999999901e+01,8.290838528298781485e-03
2.092000000000000171e+01,8.780752076847897145e-03
2.096000000000000085e+01,1.214880316812289723e-02
2.100000000000000000e+01,1.251243977912485511e-02
2.103999999999999915e+01,1.437744810736289736e-02
2.107999999999999829e+01,1.248707963709777026e-02
2.112000000000000099e+01,1.222324547600174560e-02
2.116000000000000014e+01,1.145821464463317799e-02
2.119999999999999929e+01,1.031714878968449309e-02
2.123999999999999844e+01,9.551013065107761754e-03
2.128000000000000114e+01,8.534004908883984983e-03
2.132000000000000028e+01,4.637750535763876351e-03
2.135999999999999943e+01,1.742232635996930927e-03
2.139999999999999858e+01,8.984183360812716262e-03
2.144000000000000128e+01,1.121915877977155106e-02
2.148000000000000043e+01,7.821356330854484229e-03
2.151999999999999957e+01,1.381006113353049937e-02
2.155999999999999872e+01,1.128729382541799470e-02
2.160000000000000142e+01,6.385929722900832335e-03
2.164000000000000057e+01,1.237300412512137501e-02
2.167999999999999972e+01,8.722162939208051927e-03
2.171999999999999886e+01,8.324959359947503926e-03
2.176000000000000156e+01,7.551733990475096615e-03
2.180000000000000071e+01,1.528889757911660457e-02
2.183999999999999986e+01,1.451459567365367964e-02
2.187999999999999901e+01,1.536684603693121674e-02
2.192000000000000171e+01,6.831507886422137632e-03
2.196000000000000085e+01,1.857166841146829644e-02
2.200000000000000000e+01,1.191267180867200404e-02
2.203999999999999915e+01,1.739373017753837597e-02
2.207999999999999829e+01,9.982704172927249139e-03
2.212000000000000099e+01,1.170787819561427620e-02
2.216000000000000014e+01,1.092930795581298874e-02
2.219999999999999929e+01,1.177729754667676022e-02
2.223999999999999844e+01,8.244134243754896660e-03
2.228000000000000114e+01,1.272072843602635450e-02
2.232000000000000028e+01,1.982517090629994441e-02
2.235999999999999943e+01,1.616526754446250339e-02
2.239999999999999858e+01,1.600933926127167881e-02
2.244000000000000128e+01,1.385031613808426938e-02
2.248000000000000043e+01,1.769848401306270413e-02
2.251999999999999957e+01,1.316036316447869066e-02
2.255999999999999872e+01,1.738297063648353361e-02
2.260000000000000142e+01,1.397025548411853432e-02
2.264000000000000057e+01,1.668989581233366534e-02
2.267999999999999972e+01,1.753160767344762519e-02
2.271999999999999886e+01,1.386701728221106933e-02
2.276000000000000156e+01,9.826428731777411135e-03
2.280000000000000071e+01,1.379560996466477028e-02
2.283999999999999986e+01,1.776427703319193724e-02
2.287999999999999901e+01,2.048082386808038058e-02
2.292000000000000171e+01,1.531173423761991031e-02
2.296000000000000085e+01,1.877822167870230041e-02
2.300000000000000000e+01,1.598616366379164780e-02
2.303999999999999915e+01,2.157936320800127664e-02
2.307999999999999829e+01,2.241594760412187956e-02
2.312000000000000099e+01,2.275138164675875180e-02
2.316000000000000014e+01,2.884370135374771105e-02
2.319999999999999929e+01,1.603624948430428312e-02
2.323999999999999844e+01,1.524372024228927598e-02
2.328000000000000114e+01,2.508934685697235267e-02
2.332000000000000028e+01,1.991518647595384717e-02
2.335999999999999943e+01,1.987211297823079925e-02
2.339999999999999858e+01,2.208143117565004865e-02
2.344000000000000128e+01,2.291348167134698785e-02
2.348000000000000043e+01,2.724953276718644277e-02
2.351999999999999957e+01,3.033347875323665066e-02
2.355999999999999872e+01,3.454337390232437022e-02
2.360000000000000142e+01,3.524827320596977259e-02
2.364000000000000057e+01,3.858105198055668261e-02
2.367999999999999972e+01,4.028624732196102454e-02
2.371999999999999886e+01,4.073934227977907968e-02
2.376000000000000156e+01,4.932739040814418385e-02
2.380000000000000071e+01,5.115626917952043051e-02
2.383999999999999986e+01,5.836656757998303496e-02
2.387999999999999901e+01,6.632734060105213714e-02
2.392000000000000171e+01,7.679083900829501708e-02
2.396000000000000085e+01,8.700352831501038942e-02
2.400000000000000000e+01,1.037240873448415646e-01
2.403999999999999915e+01,1.225718924922125919e-01
2.407999999999999829e+01,1.500553011778630597e-01
2.412000000000000099e+01,1.650221558016617407e-01
2.416000000000000014e+01,1.854955983179233658e-01
2.419999999999999929e+01,2.053427553007453610e-01
2.423999999999999844e+01,2.039121119558041373e-01
2.428000000000000114e+01,1.862100972864163539e-01
2.432000000000000028e+01,1.697592104410892422e-01
2.435999999999999943e+01,1.462988460692376813e-01
2.439999999999999858e+01,1.124496661769009004e-01
2.444000000000000128e+01,9.524638322293062231e-02
2.448000000000000043e+01,7.478844662171478530e-02
2.451999999999999957e+01,6.434289167239579110e-02
2.455999999999999872e+01,4.438464989371722347e-02
2.460000000000000142e+01,4.182327304307896509e-02
2.464000000000000057e+01,3.500596071454230990e-02
2.467999999999999972e+01,2.956494541868341652e-02
2.471999999999999886e+01,3.388599509802053128e-02
2.476000000000000156e+01,3.294982652356572006e-02
2.480000000000000071e+01,2.638095853620391409e-02
2.483999999999999986e+01,2.919867625540411432e-02
2.487999999999999901e+01,2.600821434782275149e-02
2.492000000000000171e+01,2.669726917340085534e-02
2.496000000000000085e+01,2.688521712656231563e-02
2.500000000000000000e+01,1.593339952913596508e-02
2.503999999999999915e+01,2.375522497336736427e-02
2.507999999999999829e+01,1.931084044442496830e-02
2.512000000000000099e+01,2.412788753727677926e-02
2.516000000000000014e+01,1.605292304017650815e-02
2.519999999999999929e+01,2.174517730762017334e-02
2.523999999999999844e+01,1.629767169591953696e-02
2.528000000000000114e+01,1.410388781728411783e-02
2.532000000000000028e+01,9.781916454522652030e-03
2.535999999999999943e+01,2.110457815904603560e-02
2.539999999999999858e+01,2.391585849587745879e-02
2.544000000000000128e+01,1.658866929138278629e-02
2.548000000000000043e+01,1.764679530568429022e-02
2.551999999999999957e+01,1.557545295044747424e-02
2.555999999999999872e+01,1.600687473624860108e-02
2.560000000000000142e+01,2.244556124898151178e-02
2.564000000000000057e+01,1.211226576964035545e-02
2.567999999999999972e+01,1.391911127885547654e-02
2.571999999999999886e+01,1.635131418829231104e-02
2.576000000000000156e+01,1.615469720544196464e-02
2.580000000000000071e+01,1.633311811039070416e-02
2.583999999999999986e+01,9.251775059813024601e-03
2.587999999999999901e+01,1.731443455884023111e-02
2.592000000000000171e+01,2.037022461895641318e-02
2.596000000000000085e+01,1.090950409828801877e-02
2.600000000000000000e+01,8.832825472928240718e-03
2.603999999999999915e+01,1.201245776343533474e-02
2.607999999999999829e+01,1.243811702212806528e-02
2.612000000000000099e+01,1.398978593925600047e-02
2.616000000000000014e+01,1.403909072956979580e-02
2.619999999999999929e+01,9.957657607820021711e-03
2.623999999999999844e+01,1.250930784411103357e-02
2.628000000000000114e+01,1.067990065591585373e-02
2.632000000000000028e+01,1.210423977704119976e-02
2.635999999999999943e+01,1.402879072078582617e-02
2.639999999999999858e+01,1.457614391061169690e-02
2.644000000000000128e+01,1.074244345691374378e-02
2.648000000000000043e+01,1.191474291382537895e-02
2.651999999999999957e+01,8.330508513338620233e-03
2.655999999999999872e+01,1.475870397201875864e-02
2.660000000000000142e+01,1.167426080860935710e-02
2.664000000000000057e+01,1.522291045564663423e-02
2.667999999999999972e+01,1.451567283205549945e-02
2.671999999999999886e+01,1.343253062808559030e-02
2.676000000000000156e+01,1.422637741511179228e-02
2.680000000000000071e+01,7.385000828029943294e-03
2.683999999999999986e+01,1.030573931389529990e-02
2.687999999999999901e+01,1.372670191050757299e-02
2.692000000000000171e+01,1.001308677454120291e-02
2.696000000000000085e+01,9.177750967389076975e-03
2.700000000000000000e+01,8.341999300898031433e-03
2.703999999999999915e+01,1.689288532920139516e-02
2.707999999999999829e+01,1.029891251296664346e-02
2.712000000000000099e+01,7.584508418123747653e-03
2.716000000000000014e+01,1.087740591459562464e-02
2.719999999999999929e+01,1.354408877067199424e-02
2.723999999999999844e+01,1.007748706770968290e-02
2.728000000000000114e+01,9.364011554034436594e-03
2.732000000000000028e+01,4.394663893580235021e-03
2.735999999999999943e+01,1.144033622033513269e-02
2.739999999999999858e+01,1.811012003580128940e-02
2.744000000000000128e+01,9.259571409538929973e-03
2.748000000000000043e+01,1.279952771056314283e-02
2.751999999999999957e+01,1.270942009827088007e-02
2.755999999999999872e+01,1.161762424839269704e-02
2.760000000000000142e+01,8.147373390198246398e-03
2.764000000000000057e+01,9.057346347330895789e-03
2.767999999999999972e+01,1.084304442437794384e-02
2.771999999999999886e+01,6.495469285273385886e-03
2.776000000000000156e+01,9.281656229159600258e-03
2.780000000000000071e+01,8.187464473509632745e-03
2.783999999999999986e+01,8.594805125995924264e-03
2.787999999999999901e+01,7.624982998465308463e-03
2.792000000000000171e+01,1.128571270584974133e-02
2.796000000000000085e+01,7.686728555458973398e-03
2.800000000000000000e+01,6.215084101426323129e-03
2.803999999999999915e+01,1.300365466013570816e-02
2.807999999999999829e+01,9.904139466301687539e-03
2.812000000000000099e+01,1.068421662487422687e-02
2.816000000000000014e+01,1.421744076802678412e-02
2.819999999999999929e+01,7.236778487098181369e-03
2.823999999999999844e+01,4.636354200105514273e-03
2.828000000000000114e+01,7.167133061000812051e-03
2.832000000000000028e+01,1.687242362574785989e-03
2.835999999999999943e+01,3.841770731555984187e-03
2.839999999999999858e+01,7.998487547849300952e-03
2.844000000000000128e+01,8.900644295715399307e-03
2.848000000000000043e+01,4.045027891356781438e-03
2.851999999999999957e+01,1.120445888618438676e-02
2.855999999999999872e+01,8.475815471355636205e-03
2.860000000000000142e+01,6.122276111167200725e-03
2.864000000000000057e+01,5.395448765378739291e-03
2.867999999999999972e+01,3.666959648740850120e-03
2.871999999999999886e+01,9.823219509579306924e-03
2.876000000000000156e+01,7.343016701483375680e-03
2.880000000000000071e+01,9.743707926499270422e-03
2.883999999999999986e+01,4.384063283225287516e-03
2.887999999999999901e+01,1.066399244194710452e-02
2.892000000000000171e+01,1.068551604028308670e-02
2.896000000000000085e+01,1.008086658880946729e-02
2.900000000000000000e+01,7.598438018247817213e-03
2.903999999999999915e+01,5.491123899972981219e-03
2.907999999999999829e+01,2.882800269062251678e-03
2.912000000000000099e+01,8.159235068033716606e-03
2.916000000000000014e+01,5.174698754832412866e-03
2.919999999999999929e+01,6.445262419889292820e-03
2.923999999999999844e+01,2.583874399552195042e-03
2.928000000000000114e+01,3.227909650858272386e-03
2.932000000000000028e+01,4.872869478394811771e-03
2.935999999999999943e+01,8.895522543373347510e-03
2.939999999999999858e+01,1.028944173295830503e-02
2.944000000000000128e+01,8.804306589486485257e-03
2.948000000000000043e+01,8.194939101755576230e-03
2.951999999999999957e+01,6.083286887420001447e-03
2.955999999999999872e+01,7.225457546892694559e-03
2.960000000000000142e+01,2.609881520877176120e-03
2.964000000000000057e+01,9.008093749169127779e-03
2.967999999999999972e+01,7.020186451964074981e-03
2.971999999999999886e+01,3.279677751453478375e-03
2.976000000000000156e+01,4.670407172732665528e-03
2.980000000000000071e+01,7.062072513129377498e-03
2.983999999999999986e+01,4.071478943837112535e-03
2.987999999999999901e+01,5.961804929152600581e-03
2.992000000000000171e+01,9.729194579470700627e-03
2.996000000000000085e+01,5.611114126783538908e-03
3.000000000000000000e+01,5.748152557166331597e-03
3.003999999999999915e+01,8.763543099888755628e-03
3.007999999999999829e+01,1.177859056679761776e-02
3.012000000000000099e+01,1.304104608280682795e-02
3.016000000000000014e+01,1.205026778734940782e-02
3.019999999999999929e+01,1.418816678809775231e-02
3.023999999999999844e+01,1.507411947947583618e-02
3.028000000000000114e+01,1.258039488204191515e-02
3.032000000000000028e+01,1.922306408622691948e-02
3.035999999999999943e+01,1.359964808899591891e-02
3.039999999999999858e+01,1.410877094901933498e-02
3.044000000000000128e+01,9.861452585222146502e-03
3.048000000000000043e+01,1.562665671416957336e-02
3.051999999999999957e+01,1.688574291268135977e-02
3.055999999999999872e+01,1.376387282745003895e-02
3.060000000000000142e+01,1.477197510244563500e-02
3.064000000000000057e+01,1.440297981902493099e-02
3.067999999999999972e+01,1.703751247324522197e-02
3.071999999999999886e+01,1.666786034065564567e-02
3.076000000000000156e+01,1.767464891731348325e-02
3.080000000000000071e+01,1.542693319473884689e-02
3.083999999999999986e+01,9.048589208009017240e-03
3.087999999999999901e+01,1.343374137514110125e-02
3.092000000000000171e+01,1.468955278021442067e-02
3.096000000000000085e+01,1.832309523235327309e-02
3.100000000000000000e+01,1.281958514322316216e-02
3.103999999999999915e+01,1.169637921487023079e-02
3.107999999999999829e+01,1.758185312302507769e-02
3.112000000000000099e+01,1.758445556338220431e-02
3.116000000000000014e+01,1.558416922619118052e-02
3.119999999999999929e+01,1.621194101041309107e-02
3.123999999999999844e+01,1.483682590756803601e-02
3.128000000000000114e+01,2.097103817324132147e-02
3.132000000000000028e+01,2.309979421909838862e-02
3.135999999999999943e+01,2.622952304845593829e-02
3.139999999999999858e+01,2.360154772815182059e-02
3.144000000000000128e+01,2.522872531957887077e-02
3.148000000000000043e+01,3.111105676797770378e-02
3.151999999999999957e+01,3.411438303583040621e-02
3.155999999999999872e+01,4.325027557291460240e-02
3.160000000000000142e+01,4.650330798508814367e-02
3.164000000000000057e+01,5.238440891632107493e-02
3.167999999999999972e+01,6.552452526557440982e-02
3.171999999999999886e+01,8.917783621583826037e-02
3.176000000000000156e+01,1.102024690599033019e-01
3.180000000000000071e+01,1.449944766332094959e-01
3.183999999999999986e+01,1.729023441414333229e-01
3.187999999999999901e+01,2.030628037358044036e-01
3.192000000000000171e+01,2.000553778506745373e-01
3.196000000000000085e+01,1.921663859594145152e-01
3.200000000000000000e+01,1.680062051751417818e-01
3.203999999999999915e+01,1.363360855447301179e-01
3.207999999999999829e+01,1.071688841295723865e-01
3.211999999999999744e+01,8.288265520249538110e-02
3.215999999999999659e+01,6.310191760438398079e-02
3.220000000000000284e+01,5.345890384581443444e-02
3.224000000000000199e+01,4.581816927765359343e-02
3.228000000000000114e+01,4.243260747127631377e-02
3.232000000000000028e+01,3.366484536012661483e-02
3.235999999999999943e+01,3.240643613899114178e-02
3.239999999999999858e+01,2.814388183115057798e-02
3.243999999999999773e+01,1.799848724845173539e-02
3.247999999999999687e+01,2.111984065827646889e-02
3.252000000000000313e+01,1.710674866920505049e-02
3.256000000000000227e+01,2.047785359489891210e-02
3.260000000000000142e+01,1.746547922088924690e-02
3.264000000000000057e+01,1.895860751873224698e-02
3.267999999999999972e+01,1.531986542187192303e-02
3.271999999999999886e+01,1.856468121493162066e-02
3.275999999999999801e+01,1.893052112990343400e-02
3.279999999999999716e+01,1.741867172364318719e-02
3.284000000000000341e+01,1.452977674719909892e-02
3.288000000000000256e+01,1.589606871114739375e-02
3.292000000000000171e+01,1.438338857797017041e-02
3.296000000000000085e+01,1.149366571033087064e-02
3.300000000000000000e+01,1.461138243913236504e-02
3.303999999999999915e+01,1.622689762250106166e-02
3.307999999999999829e+01,1.358667677373565433e-02
3.311999999999999744e+01,1.294875591067192779e-02
3.315999999999999659e+01,1.856859982791515470e-02
3.320000000000000284e+01,1.655337160954465509e-02
3.324000000000000199e+01,1.253530376613668645e-02
3.328000000000000114e+01,1.777886037360314198e-02
3.332000000000000028e+01,2.264666836538804795e-02
3.335999999999999943e+01,1.487297994444541568e-02
3.339999999999999858e+01,1.310674057234951194e-02
3.343999999999999773e+01,1.684730838853328375e-02
3.347999999999999687e+01,1.019927525384557720e-02
3.352000000000000313e+01,1.368899715163915398e-02
3.356000000000000227e+01,1.229719085292617191e-02
3.360000000000000142e+01,8.151589227629601683e-03
3.364000000000000057e+01,1.702244160392986372e-02
3.367999999999999972e+01,1.049826969748545585e-02
3.371999999999999886e+01,1.623958947440764383e-02
3.375999999999999801e+01,1.434585034908436064e-02
3.379999999999999716e+01,1.069960623499563793e-02
3.384000000000000341e+01,1.406210717901532938e-02
3.388000000000000256e+01,1.279340889135700474e-02
3.392000000000000171e+01,4.890941094030753014e-03
3.396000000000000085e+01,1.150686327764894462e-02
3.400000000000000000e+01,6.732911186908050079e-03
3.403999999999999915e+01,4.837405732565705496e-03
3.407999999999999829e+01,9.450008201967710977e-03
3.411999999999999744e+01,7.303685186452847818e-03
3.415999999999999659e+01,9.287418657577345416e-03
3.420000000000000284e+01,5.638674847333292710e-03
3.424000000000000199e+01,8.623203443247831959e-03
3.428000000000000114e+01,9.354595587476420213e-03
3.432000000000000028e+01,7.207048718000085355e-03
3.435999999999999943e+01,4.558617107645634645e-03
3.439999999999999858e+01,7.291854669893093645e-03
3.443999999999999773e+01,4.392620622215538499e-03
3.447999999999999687e+01,6.124093428909668790e-03
3.452000000000000313e+01,4.851471246649947423e-03
3.456000000000000227e+01,6.707629391820223511e-03
3.460000000000000142e+01,4.933890931258311588e-03
3.464000000000000057e+01,6.414095390059513201e-03
3.467999999999999972e+01,8.269547580070603018e-03
3.471999999999999886e+01,3.991891971033167084e-03
3.475999999999999801e+01,5.095914041762981961e-03
3.479999999999999716e+01,9.328722111366344327e-03
3.484000000000000341e+01,3.673604174085857727e-03
3.488000000000000256e+01,5.402737975524816647e-03
3.492000000000000171e+01,6.881321672357698302e-03
3.496000000000000085e+01,3.603570957556544857e-03
3.500000000000000000e+01,4.706217982350937960e-03
3.503999999999999915e+01,6.434442648424341417e-03
3.507999999999999829e+01,3.656657141489279717e-03
3.511999999999999744e+01,3.006379583737258613e-03
3.515999999999999659e+01,4.859093024764566358e-03
3.520000000000000284e+01,2.330959829957116557e-03
3.524000000000000199e+01,2.305819524410166518e-03
3.528000000000000114e+01,5.284315859171908464e-03
3.532000000000000028e+01,1.378754364782593502e-03
3.535999999999999943e+01,1.227795609894577391e-03
3.539999999999999858e+01,8.586261583305578732e-03
3.543999999999999773e+01,1.175548371817348395e-03
3.547999999999999687e+01,6.656171941541139114e-03
3.552000000000000313e+01,2.248885573471129037e-03
3.556000000000000227e+01,5.949210594901334056e-04
3.560000000000000142e+01,2.069761449194497394e-03
3.564000000000000057e+01,1.792140331200510603e-03
3.567999999999999972e+01,1.389147769623555722e-03
3.571999999999999886e+01,1.361427515511811964e-03
3.575999999999999801e+01,4.087033841692056663e-03
3.579999999999999716e+01,4.184057530973005722e-03
3.584000000000000341e+01,4.155713557633327650e-03
3.588000000000000256e+01,4.627806374173130781e-03
3.592000000000000171e+01,8.442302706606528116e-04
3.596000000000000085e+01,6.197181247690200338e-03
3.600000000000000000e+01,4.916411867562492204e-03
3.603999999999999915e+01,3.134797446661377086e-03
3.607999999999999829e+01,6.609731197015018649e-03
3.611999999999999744e+01,6.204482857875063401e-03
3.615999999999999659e+01,8.051927745625372598e-03
3.620000000000000284e+01,9.648852776468437586e-03
3.624000000000000199e+01,1.249718731306771920e-02
3.628000000000000114e+01,6.333754781607691363e-03
3.632000000000000028e+01,7.930090121884047008e-03
3.635999999999999943e+01,1.127848060944596983e-02
3.639999999999999858e+01,4.864142655958950470e-03
3.643999999999999773e+01,6.334736111381965816e-03
3.647999999999999687e+01,9.932869654168050011e-03
3.652000000000000313e+01,2.141188472752204603e-03
3.656000000000000227e+01,4.612494863554327841e-03
3.660000000000000142e+01,1.008746908760460928e-02
3.664000000000000057e+01,6.300363347857098825e-03
3.667999999999999972e+01,5.391766630387011781e-03
3.671999999999999886e+01,6.360394268819710532e-03
3.675999999999999801e+01,2.697890732896818852e-03
3.679999999999999716e+01,4.667434486914995122e-03
3.684000000000000341e+01,5.635509299163961316e-03
3.688000000000000256e+01,8.480812248278065540e-03
3.692000000000000171e+01,1.044980884755603370e-02
3.696000000000000085e+01,7.287036192873727614e-03
3.700000000000000000e+01,3.498280481740289900e-03
3.703999999999999915e+01,4.215131418924310605e-03
3.707999999999999829e+01,5.056965398849777062e-03
3.711999999999999744e+01,6.524426172564897972e-03
3.715999999999999659e+01,5.488497149012670426e-03
3.720000000000000284e+01,6.830446630057918599e-03
3.724000000000000199e+01,8.422543636258871327e-03
3.728000000000000114e+01,1.038994981430802281e-02
3.732000000000000028e+01,7.976559454273638924e-03
3.735999999999999943e+01,1.144555102045237589e-02
3.739999999999999858e+01,7.154408999827358180e-03
3.743999999999999773e+01,9.997257810415669313e-03
3.747999999999999687e+01,9.585760176949944741e-03
3.752000000000000313e+01,1.017538089403546321e-02
3.756000000000000227e+01,1.289256721997994980e-02
3.760000000000000142e+01,7.724463983871724532e-03
3.764000000000000057e+01,3.307160531132709823e-03
3.767999999999999972e+01,1.253221005654955693e-02
3.771999999999999886e+01,1.174424093095310408e-02
3.775999999999999801e+01,1.183223512589952862e-02
3.779999999999999716e+01,8.415569035812803592e-03
3.784000000000000341e+01,1.501159936273908577e-02
3.788000000000000256e+01,1.610040007188295527e-02
3.792000000000000171e+01,9.804561586706408982e-03
3.796000000000000085e+01,1.014208341506328548e-02
3.800000000000000000e+01,1.648716299493461698e-02
3.803999999999999915e+01,1.957790936412014474e-02
3.807999999999999829e+01,2.517171573464802026e-02
3.811999999999999744e+01,2.313056623415462795e-02
3.815999999999999659e+01,2.496924634145569755e-02
3.820000000000000284e+01,2.793422156984993326e-02
3.824000000000000199e+01,3.190033216312603698e-02
3.828000000000000114e+01,3.461468644039032705e-02
3.832000000000000028e+01,4.896883759642945561e-02
3.835999999999999943e+01,5.543771714998706884e-02
3.839999999999999858e+01,6.591159268423457673e-02
3.843999999999999773e+01,8.264335777054683529e-02
3.847999999999999687e+01,8.548214042040797045e-02
3.852000000000000313e+01,9.658138573604550803e-02
3.856000000000000227e+01,1.099333809930086170e-01
3.860000000000000142e+01,1.143988247073185055e-01
3.864000000000000057e+01,1.346343760102408083e-01
3.867999999999999972e+01,1.333421468143487498e-01
3.871999999999999886e+01,1.381826530857537538e-01
3.875999999999999801e+01,1.371404684303134947e-01
3.879999999999999716e+01,1.432323067442666520e-01
3.884000000000000341e+01,1.384350279637796555e-01
3.888000000000000256e+01,1.475304519215700216e-01
3.892000000000000171e+01,1.382271185882872067e-01
3.896000000000000085e+01,1.375597404227829612e-01
3.900000000000000000e+01,1.432754257441636592e-01
3.903999999999999915e+01,1.454864800829694105e-01
3.907999999999999829e+01,1.415645296539509435e-01
3.911999999999999744e+01,1.476553058896443171e-01
3.915999999999999659e+01,1.504917753813884151e-01
3.920000000000000284e+01,1.567074562513746661e-01
3.924000000000000199e+01,1.577914217461142687e-01
3.928000000000000114e+01,1.721422959242775441e-01
3.932000000000000028e+01,1.898723843164047687e-01
3.935999999999999943e+01,1.937095110673738851e-01
3.939999999999999858e+01,2.103129065316807766e-01
3.943999999999999773e+01,2.251639302861454528e-01
3.947999999999999687e+01,2.373864583658449323e-01
3.952000000000000313e+01,2.618746151887965112e-01
3.956000000000000227e+01,2.813562248998780491e-01
3.960000000000000142e+01,3.040918947401556327e-01
3.964000000000000057e+01,3.151875021820935152e-01
3.967999999999999972e+01,3.458080628324561867e-01
3.971999999999999886e+01,3.478918682789532979e-01
3.975999999999999801e+01,3.587368084994926876e-01
3.979999999999999716e+01,3.693313139347778606e-01
3.984000000000000341e+01,3.612767624166194902e-01
3.988000000000000256e+01,3.634852769256481375e-01
3.992000000000000171e+01,3.395350942846002140e-01
3.996000000000000085e+01,3.263486223670280517e-01
4.000000000000000000e+01,3.131620417933084211e-01
4.003999999999999915e+01,3.241313688888993183e-01
4.007999999999999829e+01,3.555017835554842298e-01
4.011999999999999744e+01,3.842437176711535063e-01
4.015999999999999659e+01,4.382680086049222656e-01
4.020000000000000284e+01,4.971734629653706827e-01
4.024000000000000199e+01,5.951289531941093003e-01
4.028000000000000114e+01,6.917075736674134223e-01
4.032000000000000028e+01,7.847815934058416376e-01
4.035999999999999943e+01,9.043895817030912498e-01
4.039999999999999858e+01,9.701783691722809522e-01
4.043999999999999773e+01,9.783931357150936758e-01
4.047999999999999687e+01,1.000000000000000000e+00
4.052000000000000313e+01,9.192253141292291430e-01
4.056000000000000227e+01,8.081616430843184817e-01
4.060000000000000142e+01,6.633044881698553219e-01
4.064000000000000057e+01,5.507387006976851573e-01
4.067999999999999972e+01,4.296618929397280628e-01
4.071999999999999886e+01,3.233539563112789450e-01
4.075999999999999801e+01,2.633553885234577452e-01
4.079999999999999716e+01,2.169992474425585238e-01
4.084000000000000341e+01,1.910442118922245358e-01
4.088000000000000256e+01,1.559523572750470266e-01
4.092000000000000171e+01,1.380074318411664280e-01
4.096000000000000085e+01,1.230662772717582565e-01
4.100000000000000000e+01,1.113792159149668420e-01
4.103999999999999915e+01,9.981723117973520520e-02
4.107999999999999829e+01,8.813000260840012090e-02
4.111999999999999744e+01,7.256271010264508936e-02
4.115999999999999659e+01,6.851012088629485075e-02
4.120000000000000284e+01,6.057746962600582541e-02
4.124000000000000199e+01,5.690020286139232941e-02
4.128000000000000114e+01,4.971835804767694295e-02
4.132000000000000028e+01,4.491448909833974795e-02
4.135999999999999943e+01,4.974791764283170020e-02
4.139999999999999858e+01,4.043811135053173439e-02
4.143999999999999773e+01,3.688562269753309364e-02
4.147999999999999687e+01,3.621175649568259686e-02
4.152000000000000313e+01,3.441137124375991813e-02
4.156000000000000227e+01,3.861862786976415218e-02
4.160000000000000142e+01,3.431488595051504498e-02
4.164000000000000057e+01,2.951043132417506890e-02
4.167999999999999972e+01,2.770976457663805459e-02
4.171999999999999886e+01,3.204190418944222879e-02
4.175999999999999801e+01,2.848885254521494464e-02
4.179999999999999716e+01,2.293316355743625981e-02
4.184000000000000341e+01,2.288448025846102213e-02
4.188000000000000256e+01,2.133380431222316881e-02
4.192000000000000171e+01,2.115983279735710390e-02
4.196000000000000085e+01,1.948387052570962549e-02
4.200000000000000000e+01,1.918461457591510294e-02
4.203999999999999915e+01,1.550595923804179432e-02
4.207999999999999829e+01,1.332917281395451861e-02
4.211999999999999744e+01,1.453166677067242556e-02
4.215999999999999659e+01,1.510829960697518751e-02
4.220000000000000284e+01,1.480875086519958805e-02
4.224000000000000199e+01,1.475946780365334013e-02
4.228000000000000114e+01,1.433464786031754361e-02
4.232000000000000028e+01,1.090591724994276895e-02
4.235999999999999943e+01,5.724883932288669930e-03
4.239999999999999858e+01,1.268438671375713214e-02
4.243999999999999773e+01,9.255500278246090937e-03
4.247999999999999687e+01,1.283556307281074303e-02
4.252000000000000313e+01,8.655613271367048125e-03
4.256000000000000227e+01,9.857525471605467146e-03
4.260000000000000142e+01,9.682622740363813763e-03
4.264000000000000057e+01,1.201088776789167173e-02
4.267999999999999972e+01,1.258685765006491847e-02
4.271999999999999886e+01,9.533122810345575140e-03
4.275999999999999801e+01,1.023416557963655570e-02
4.279999999999999716e+01,9.308076740746589264e-03
4.284000000000000341e+01,1.188644599844432270e-02
4.288000000000000256e+01,1.296284623989418447e-02
4.292000000000000171e+01,1.191147490307726056e-02
4.296000000000000085e+01,6.604601008551759869e-03
4.300000000000000000e+01,7.931206527873905718e-03
4.303999999999999915e+01,9.883578736592905228e-03
4.307999999999999829e+01,6.579165611709879465e-03
4.311999999999999744e+01,9.657913333492447808e-03
4.315999999999999659e+01,8.981806029577021552e-03
4.320000000000000284e+01,4.550844645204183553e-03
4.324000000000000199e+01,1.188495710565055756e-02
4.328000000000000114e+01,6.828128975939344245e-03
4.332000000000000028e+01,1.103316255249046571e-02
4.335999999999999943e+01,9.480774606316071107e-03
4.339999999999999858e+01,9.054804662511449845e-03
4.343999999999999773e+01,5.249468414048659264e-03
4.347999999999999687e+01,6.700855206349644322e-03
4.352000000000000313e+01,6.274806001896468186e-03
4.356000000000000227e+01,1.035451751997682954e-02
4.360000000000000142e+01,9.928420201294247197e-03
4.364000000000000057e+01,8.501014631742614264e-03
4.367999999999999972e+01,9.076158591408183679e-03
4.371999999999999886e+01,9.025478295041617846e-03
4.375999999999999801e+01,7.097367673364421772e-03
4.379999999999999716e+01,7.797612923885736784e-03
4.384000000000000341e+01,1.112621499184614747e-02
4.388000000000000256e+01,9.448372033920123675e-03
4.392000000000000171e+01,6.518906038905370771e-03
4.396000000000000085e+01,1.009778144206048556e-02
4.400000000000000000e+01,5.916679223109059214e-03
4.403999999999999915e+01,9.745848710231529502e-03
4.407999999999999829e+01,9.945345613641453156e-03
4.411999999999999744e+01,1.465061647295315926e-02
4.415999999999999659e+01,9.843663670794023518e-03
4.420000000000000284e+01,1.217086144550780756e-02
4.424000000000000199e+01,9.741944104404277535e-03
4.428000000000000114e+01,1.294525081323200273e-02
4.432000000000000028e+01,1.527242604173261083e-02
4.435999999999999943e+01,2.072861318160758304e-02
4.439999999999999858e+01,1.930095706194521685e-02
4.443999999999999773e+01,2.000102913252318343e-02
4.447999999999999687e+01,2.545720506907203293e-02
4.452000000000000313e+01,2.377921917890150547e-02
4.456000000000000227e+01,3.123796359599969111e-02
4.460000000000000142e+01,2.930965545072540535e-02
4.464000000000000057e+01,3.326390126545149262e-02
4.467999999999999972e+01,3.997168444912096996e-02
4.471999999999999886e+01,4.480205999325397037e-02
4.475999999999999801e+01,4.400020779953397326e-02
4.479999999999999716e+01,5.170928807726669907e-02
4.484000000000000341e+01,4.727778603212860753e-02
4.488000000000000256e+01,5.736493201861578989e-02
4.492000000000000171e+01,6.257081825692376031e-02
4.496000000000000085e+01,6.952896286924400981e-02
4.500000000000000000e+01,6.634910016288625423e-02
4.503999999999999915e+01,6.867631876457908069e-02
4.507999999999999829e+01,6.624744210050693971e-02
4.511999999999999744e+01,7.070241635093744981e-02
4.515999999999999659e+01,7.841158211900604857e-02
4.520000000000000284e+01,7.898660212944529080e-02
4.524000000000000199e+01,8.782224360607993052e-02
4.528000000000000114e+01,9.453016927364252253e-02
4.532000000000000028e+01,1.113761288196602611e-01
4.535999999999999943e+01,1.237163211195009688e-01
4.539999999999999858e+01,1.453184242781146163e-01
4.543999999999999773e+01,1.631657262897438510e-01
4.547999999999999687e+01,1.852685129925511487e-01
4.552000000000000313e+01,2.278976765205244503e-01
4.556000000000000227e+01,2.660210775285237750e-01
4.560000000000000142e+01,3.094012516750379582e-01
4.564000000000000057e+01,3.481505044906074153e-01
4.567999999999999972e+01,3.692521239694746549e-01
4.571999999999999886e+01,3.732067538626879233e-01
4.575999999999999801e+01,3.754091613940719885e-01
4.579999999999999716e+01,3.570852422910817947e-01
4.584000000000000341e+01,3.289988178238217320e-01
4.588000000000000256e+01,3.011627450536846218e-01
4.592000000000000171e+01,2.744531498360744393e-01
4.596000000000000085e+01,2.532506576670482956e-01
4.600000000000000000e+01,2.157773074392156931e-01
4.603999999999999915e+01,1.920716684462739632e-01
4.607999999999999829e+01,1.647364041316492222e-01
4.611999999999999744e+01,1.416566396320518562e-01
4.615999999999999659e+01,1.248349471159529572e-01
4.620000000000000284e+01,1.142713275285931612e-01
4.624000000000000199e+01,9.444585483517695113e-02
4.628000000000000114e+01,8.601004572050904851e-02
4.632000000000000028e+01,7.131624222511161182e-02
4.635999999999999943e+01,5.937601579876228275e-02
4.639999999999999858e+01,5.169129580412453601e-02
4.643999999999999773e+01,4.463242284433370510e-02
4.647999999999999687e+01,4.082777259512039569e-02
4.652000000000000313e+01,3.902573898720614748e-02
4.656000000000000227e+01,3.659794823534154307e-02
4.660000000000000142e+01,2.578443779474920081e-02
4.664000000000000057e+01,2.398254611248427232e-02
4.667999999999999972e+01,2.243102503215410951e-02
4.671999999999999886e+01,2.225632181206643745e-02
4.675999999999999801e+01,2.295779459165420838e-02
4.679999999999999716e+01,2.002965906388951695e-02
4.684000000000000341e+01,2.273380808145379281e-02
4.688000000000000256e+01,2.155802927924296494e-02
4.692000000000000171e+01,1.737844851266093921e-02
4.696000000000000085e+01,1.995760144019678717e-02
4.700000000000000000e+01,1.577813325028551081e-02
4.703999999999999915e+01,1.485290100431999570e-02
4.707999999999999829e+01,1.605545933447367554e-02
4.711999999999999744e+01,1.400389902355531242e-02
4.715999999999999659e+01,1.645818450682349707e-02
4.720000000000000284e+01,1.002612167416514106e-02
4.724000000000000199e+01,9.351513540693561638e-03
4.728000000000000114e+01,1.443436105164934598e-02
4.732000000000000028e+01,1.250827360417891207e-02
4.735999999999999943e+01,1.371126896112702560e-02
4.739999999999999858e+01,1.754270526192669433e-02
4.743999999999999773e+01,1.887099469229043883e-02
4.747999999999999687e+01,1.769613819745884456e-02
4.752000000000000313e+01,1.677167215461439209e-02
4.756000000000000227e+01,2.185498977578523641e-02
4.760000000000000142e+01,1.592423660875307359e-02
4.764000000000000057e+01,1.737803671218830781e-02
4.767999999999999972e+01,2.133512367470731183e-02
4.771999999999999886e+01,2.091165986169595675e-02
4.775999999999999801e+01,1.748441393436576952e-02
4.779999999999999716e+01,2.281849277443632334e-02
4.784000000000000341e+01,1.726366719919928544e-02
4.788000000000000256e+01,1.984436477458462189e-02
4.792000000000000171e+01,1.779419489773874027e-02
4.796000000000000085e+01,1.549378306471886103e-02
4.800000000000000000e+01,1.769923687593791262e-02
4.803999999999999915e+01,1.477318326483992479e-02
4.807999999999999829e+01,1.510139017394299295e-02
4.811999999999999744e+01,1.317678768460396437e-02
4.815999999999999659e+01,1.525741181465860644e-02
4.820000000000000284e+01,1.496006773530043042e-02
4.824000000000000199e+01,1.190927428741431378e-02
4.828000000000000114e+01,1.211274608593221162e-02
4.832000000000000028e+01,1.181566303253761205e-02
4.835999999999999943e+01,1.226963308699013759e-02
4.839999999999999858e+01,1.547722841776083894e-02
4.843999999999999773e+01,1.405396858442799386e-02
4.847999999999999687e+01,1.450821100773114908e-02
4.852000000000000313e+01,1.458706400677668366e-02
4.856000000000000227e+01,1.454084992970895544e-02
4.860000000000000142e+01,1.361860551305713388e-02
4.864000000000000057e+01,1.257129591077323430e-02
4.867999999999999972e+01,1.302601118697259593e-02
4.871999999999999886e+01,1.610919859996295250e-02
4.875999999999999801e+01,2.081957348336965080e-02
4.879999999999999716e+01,1.564235224885813721e-02
4.884000000000000341e+01,1.822519474638743114e-02
4.888000000000000256e+01,1.442494265713299174e-02
4.892000000000000171e+01,1.788411338459292704e-02
4.896000000000000085e+01,2.322079771157595923e-02
4.900000000000000000e+01,2.530340782379461584e-02
4.903999999999999915e+01,3.038997973908469721e-02
4.907999999999999829e+01,3.159667582283205017e-02
4.911999999999999744e+01,2.917381842318112969e-02
4.915999999999999659e+01,3.288394319862095183e-02
4.920000000000000284e+01,3.509224830582600291e-02
4.924000000000000199e+01,3.717550240600784456e-02
4.928000000000000114e+01,4.601754502426172455e-02
4.932000000000000028e+01,4.246878978368699015e-02
4.935999999999999943e+01,4.480270004150216367e-02
4.939999999999999858e+01,5.414572305601494939e-02
4.943999999999999773e+01,5.234955806193992978e-02
4.947999999999999687e+01,5.843863262520705010e-02
4.952000000000000313e+01,6.089816315748175501e-02
4.956000000000000227e+01,6.298232884175411495e-02
4.960000000000000142e+01,6.256339869858239255e-02
4.964000000000000057e+01,6.652521225306183561e-02
4.967999999999999972e+01,6.660716415460743445e-02
4.971999999999999886e+01,6.330989815426737999e-02
4.975999999999999801e+01,5.337923695953272762e-02
4.979999999999999716e+01,5.859314356827534376e-02
4.984000000000000341e+01,4.303049760903946558e-02
4.988000000000000256e+01,3.622922556971491792e-02
4.992000000000000171e+01,3.556095366505234584e-02
4.996000000000000085e+01,2.738316638203483824e-02
5.000000000000000000e+01,2.058227446898812374e-02
5.003999999999999915e+01,2.016470692922894478e-02
5.007999999999999829e+01,9.984734220702310911e-03
5.011999999999999744e+01,8.816462506434384616e-03
5.015999999999999659e+01,1.691021413456954628e-02
5.020000000000000284e+01,1.073577817739048909e-02
5.024000000000000199e+01,9.192421499375273003e-03
5.028000000000000114e+01,6.647913480428801862e-03
5.032000000000000028e+01,5.480308393377869916e-03
5.035999999999999943e+01,7.441857003789677412e-03
5.039999999999999858e+01,5.648721677050132749e-03
5.043999999999999773e+01,8.862152460033075746e-03
5.047999999999999687e+01,2.313187526654462631e-03
5.052000000000000313e+01,6.528182860267101040e-03
5.056000000000000227e+01,4.985926814460266490e-03
5.060000000000000142e+01,5.947026630300197673e-03
5.064000000000000057e+01,5.906983612374204495e-03
5.067999999999999972e+01,6.868369929153315956e-03
5.071999999999999886e+01,5.201526183772915875e-03
5.075999999999999801e+01,5.912881379549747574e-03
5.079999999999999716e+01,3.996008403648236909e-03
5.084000000000000341e+01,2.329604334702790967e-03
5.088000000000000256e+01,2.165277132472998023e-03
5.092000000000000171e+01,5.255277562526116004e-03
5.096000000000000085e+01,2.212553961209961801e-03
5.100000000000000000e+01,5.052534613147867566e-03
5.103999999999999915e+01,4.763649959043362095e-03
5.107999999999999829e+01,1.971704451396561961e-03
5.111999999999999744e+01,2.308930600783701270e-03
5.115999999999999659e+01,4.023079532118747220e-03
5.120000000000000284e+01,3.109009744181336164e-03
5.124000000000000199e+01,4.072507434480616799e-03
5.128000000000000114e+01,4.535520220671001787e-03
5.132000000000000028e+01,2.745799227666424931e-03
5.135999999999999943e+01,8.215558711052162871e-03
5.139999999999999858e+01,2.421015801187037606e-03
5.143999999999999773e+01,3.134991049481981613e-03
5.147999999999999687e+01,8.354914177947148080e-03
5.152000000000000313e+01,6.440840896796029558e-03
5.156000000000000227e+01,5.027574939835369183e-03
5.160000000000000142e+01,6.993813385699551924e-03
5.164000000000000057e+01,4.329272286707302325e-03
5.167999999999999972e+01,1.092679044926053548e-02
5.171999999999999886e+01,1.351933446469807260e-02
5.175999999999999801e+01,6.975316518732403021e-03
5.179999999999999716e+01,7.690789446803539438e-03
5.184000000000000341e+01,9.282558420104974894e-03
5.188000000000000256e+01,1.400351701001153332e-02
5.192000000000000171e+01,1.196597074706343827e-02
5.196000000000000085e+01,1.268213388684596120e-02
5.200000000000000000e+01,1.727845368766685666e-02
5.203999999999999915e+01,1.674336059022957235e-02
5.207999999999999829e+01,2.259164007334988483e-02
5.211999999999999744e+01,3.219491835177840794e-02
5.215999999999999659e+01,3.566550095605532794e-02
5.220000000000000284e+01,4.589494108096729696e-02
5.224000000000000199e+01,5.224458004834314079e-02
5.228000000000000114e+01,6.372598930796045946e-02
5.232000000000000028e+01,7.545790244843562922e-02
5.235999999999999943e+01,7.905455341773168221e-02
5.239999999999999858e+01,8.114946033804011638e-02
5.243999999999999773e+01,7.423298206748728256e-02
5.247999999999999687e+01,7.294892162118650492e-02
5.252000000000000313e+01,6.753474523112992789e-02
5.256000000000000227e+01,5.698916823094281325e-02
5.260000000000000142e+01,4.381540559490391951e-02
5.264000000000000057e+01,4.027920701054035074e-02
5.267999999999999972e+01,3.286321766628711588e-02
5.271999999999999886e+01,2.845127708723947310e-02
5.275999999999999801e+01,2.366404727943665492e-02
5.279999999999999716e+01,2.125506462006112804e-02
5.284000000000000341e+01,2.022304444273821319e-02
5.288000000000000256e+01,1.693832735060333411e-02
5.292000000000000171e+01,1.140091428889707104e-02
5.296000000000000085e+01,1.287269811030085538e-02
5.300000000000000000e+01,1.071502013664349384e-02
5.303999999999999915e+01,1.118591638576076595e-02
5.307999999999999829e+01,9.654441849172796034e-03
5.311999999999999744e+01,5.494793964860665743e-03
5.315999999999999659e+01,7.968865585505864602e-03
5.320000000000000284e+01,7.063801540196637183e-03
5.324000000000000199e+01,7.160227324990239492e-03
5.328000000000000114e+01,9.259429496742481794e-03
5.332000000000000028e+01,9.105945151329232837e-03
5.335999999999999943e+01,7.826221547058191674e-03
5.339999999999999858e+01,5.169938226266157510e-03
5.343999999999999773e+01,7.770613311144620484e-03
5.347999999999999687e+01,6.241195138041376669e-03
5.352000000000000313e+01,7.465523232051731947e-03
5.356000000000000227e+01,7.188134689051551597e-03
5.360000000000000142e+01,8.287726587675198903e-03
5.364000000000000057e+01,4.881746904923794927e-03
5.367999999999999972e+01,5.731445687671182961e-03
5.371999999999999886e+01,5.830395823081818349e-03
5.375999999999999801e+01,5.679241062203885942e-03
5.379999999999999716e+01,7.405714274960342562e-03
5.384000000000000341e+01,5.502745542708042427e-03
5.388000000000000256e+01,6.103210181830819904e-03
5.392000000000000171e+01,7.955502123050222502e-03
5.396000000000000085e+01,7.304801268049770403e-03
5.400000000000000000e+01,9.157536620146157491e-03
5.403999999999999915e+01,8.256959663600047655e-03
5.407999999999999829e+01,5.729517656719142552e-03
5.411999999999999744e+01,8.709371527502571611e-03
5.415999999999999659e+01,8.059791015201916292e-03
5.420000000000000284e+01,8.411723018778221456e-03
5.424000000000000199e+01,7.011633051530226889e-03
5.428000000000000114e+01,5.111129073217496148e-03
5.432000000000000028e+01,5.839229565378236883e-03
5.435999999999999943e+01,1.044754248777209418e-02
5.439999999999999858e+01,5.794195133189749408e-03
5.443999999999999773e+01,7.524276128359751528e-03
5.447999999999999687e+01,6.876537316889443779e-03
5.452000000000000313e+01,6.604515075961291982e-03
5.456000000000000227e+01,5.081121231941133909e-03
5.460000000000000142e+01,3.683124446040495631e-03
5.464000000000000057e+01,8.793721437547074096e-03
5.467999999999999972e+01,8.647807215222494751e-03
5.471999999999999886e+01,7.000203767864469039e-03
5.475999999999999801e+01,6.228965368299746105e-03
5.479999999999999716e+01,9.212789095162690969e-03
5.484000000000000341e+01,9.067837313839194682e-03
5.488000000000000256e+01,1.004957481893460625e-02
5.492000000000000171e+01,7.401895900517132566e-03
5.496000000000000085e+01,4.253819040124959608e-03
5.500000000000000000e+01,4.860809032363427699e-03
5.503999999999999915e+01,7.470617002146462404e-03
5.507999999999999829e+01,9.079387059868951337e-03
5.511999999999999744e+01,7.058745420281500524e-03
5.515999999999999659e+01,5.038353370729946497e-03
5.520000000000000284e+01,4.394979572425786706e-03
5.524000000000000199e+01,7.381517596743874567e-03
5.528000000000000114e+01,6.238004898906804145e-03
5.532000000000000028e+01,6.471513288038875655e-03
5.535999999999999943e+01,5.078186874535027019e-03
5.539999999999999858e+01,7.940579571875305484e-03
5.543999999999999773e+01,6.672925328022771829e-03
5.547999999999999687e+01,8.159063668072697242e-03
5.552000000000000313e+01,6.766763971930003785e-03
5.556000000000000227e+01,7.126973138555744124e-03
5.560000000000000142e+01,7.111960188508111534e-03
5.564000000000000057e+01,5.720440455412482278e-03
5.567999999999999972e+01,3.327896988865175834e-03
5.571999999999999886e+01,7.569133522672862047e-03
5.575999999999999801e+01,8.931937691731478557e-03
5.579999999999999716e+01,7.040828336925894146e-03
5.584000000000000341e+01,7.778359371736193358e-03
5.588000000000000256e+01,8.015514205105338588e-03
5.592000000000000171e+01,7.627133080822030842e-03
5.596000000000000085e+01,8.490627465905441554e-03
5.600000000000000000e+01,7.602141470750422778e-03
5.603999999999999915e+01,7.214568666731847012e-03
5.607999999999999829e+01,8.579517013609365417e-03
5.611999999999999744e+01,8.442809218874037722e-03
5.615999999999999659e+01,6.929606929218381541e-03
5.620000000000000284e+01,7.669571431988195243e-03
5.624000000000000199e+01,8.660132449193577373e-03
5.628000000000000114e+01,1.265482635801702498e-02
5.632000000000000028e+01,9.515637286094915520e-03
5.635999999999999943e+01,1.013154720498348274e-02
5.639999999999999858e+01,6.992914972809055781e-03
5.643999999999999773e+01,6.482937308859332455e-03
5.647999999999999687e+01,8.726775859826828644e-03
5.652000000000000313e+01,7.591557199808813237e-03
5.656000000000000227e+01,7.958549630670126024e-03
5.660000000000000142e+01,1.233096812668947086e-02
5.664000000000000057e+01,1.182240383002223019e-02
5.667999999999999972e+01,1.081348223672563835e-02
5.671999999999999886e+01,8.803561486232645839e-03
5.675999999999999801e+01,9.547463567341008331e-03
5.679999999999999716e+01,1.166842170932032297e-02
5.684000000000000341e+01,9.283883889171715142e-03
5.688000000000000256e+01,8.401564721827188553e-03
5.692000000000000171e+01,9.647268659786802092e-03
5.696000000000000085e+01,1.026746121634928080e-02
5.700000000000000000e+01,1.001182193385142562e-02
5.703999999999999915e+01,7.879066145918578110e-03
5.707999999999999829e+01,1.100335478054982954e-02
5.711999999999999744e+01,6.242815130535894243e-03
5.715999999999999659e+01,1.024382143422056246e-02
5.720000000000000284e+01,1.124126870036545704e-02
5.724000000000000199e+01,8.609354366951656179e-03
5.728000000000000114e+01,1.160997128666062771e-02
5.732000000000000028e+01,1.248315691471490671e-02
5.735999999999999943e+01,9.852144480384170122e-03
5.739999999999999858e+01,1.147689841892704683e-02
5.743999999999999773e+01,9.597456185566054579e-03
5.747999999999999687e+01,1.272474642427125387e-02
5.752000000000000313e+01,9.969789053967646059e-03
5.756000000000000227e+01,1.134544113604805254e-02
5.760000000000000142e+01,1.222075766203266529e-02
5.764000000000000057e+01,1.572475711345966073e-02
5.767999999999999972e+01,1.247038782667686703e-02
5.771999999999999886e+01,1.397243528049997574e-02
5.775999999999999801e+01,1.359738324321869973e-02
5.779999999999999716e+01,1.272200037604458503e-02
5.784000000000000341e+01,1.384950165325626696e-02
5.788000000000000256e+01,1.309990627508532575e-02
5.792000000000000171e+01,1.247578641000284677e-02
5.796000000000000085e+01,1.197714300324935997e-02
5.800000000000000000e+01,1.310590541748832966e-02
5.803999999999999915e+01,1.373434267327798379e-02
5.807999999999999829e+01,1.448825922311844198e-02
5.811999999999999744e+01,1.336508478901980712e-02
5.815999999999999659e+01,1.449512346413549604e-02
5.820000000000000284e+01,1.499968006031233633e-02
5.824000000000000199e+01,1.325166640391613540e-02
5.828000000000000114e+01,1.550911851278268666e-02
5.832000000000000028e+01,1.251014542471172095e-02
5.835999999999999943e+01,1.476824700690370328e-02
5.839999999999999858e+01,1.477378211748500703e-02
5.843999999999999773e+01,1.327771591040766315e-02
5.847999999999999687e+01,1.528647738898840890e-02
5.852000000000000313e+01,1.829685346942974689e-02
5.856000000000000227e+01,1.742757774034801865e-02
5.860000000000000142e+01,1.718443639925237507e-02
5.864000000000000057e+01,1.619066267541242887e-02
5.867999999999999972e+01,1.632366803584733156e-02
5.871999999999999886e+01,1.683248921708627166e-02
5.875999999999999801e+01,1.421262752371651832e-02
5.879999999999999716e+01,1.572340458518906720e-02
5.884000000000000341e+01,1.811064310899502053e-02
5.888000000000000256e+01,1.549179107213551759e-02
5.892000000000000171e+01,1.700358062584007152e-02
5.896000000000000085e+01,1.738926325436934706e-02
5.900000000000000000e+01,1.977785743926154666e-02
5.903999999999999915e+01,1.590875782993155657e-02
5.907999999999999829e+01,1.867351762116608790e-02
5.911999999999999744e+01,1.718315673189010559e-02
5.915999999999999659e+01,1.619378276251652246e-02
5.920000000000000284e+01,1.971053910474685616e-02
5.924000000000000199e+01,1.972314181089987115e-02
5.928000000000000114e+01,2.036189497412893915e-02
5.932000000000000028e+01,2.262808515128991033e-02
5.935999999999999943e+01,2.264173154261436838e-02
5.939999999999999858e+01,2.077831719769861196e-02
5.943999999999999773e+01,2.216943182131124804e-02
5.947999999999999687e+01,2.280993391223197844e-02
5.952000000000000313e+01,2.207402090844187703e-02
5.956000000000000227e+01,2.321587199293099688e-02
5.960000000000000142e+01,2.811289863271850681e-02
5.964000000000000057e+01,2.437419232930655363e-02
5.967999999999999972e+01,2.238809224844367021e-02
5.971999999999999886e+01,2.753650949780234863e-02
5.975999999999999801e+01,2.880530329485565463e-02
5.979999999999999716e+01,3.082542053856460879e-02
5.984000000000000341e+01,3.559943339740024443e-02
5.988000000000000256e+01,3.323964740190279293e-02
5.992000000000000171e+01,3.476020522508033173e-02
5.996000000000000085e+01,3.878434009620251172e-02
