2.003999999999999915e+01,1.078548608577926254e-02
2.007999999999999829e+01,1.031410675820192135e-02
2.012000000000000099e+01,0.000000000000000000e+00
2.016000000000000014e+01,2.891717961194405998e-03
2.019999999999999929e+01,4.745776772405352513e-03
2.023999999999999844e+01,1.747491227229728411e-02
2.028000000000000114e+01,3.787090551735538234e-03
2.032000000000000028e+01,1.521783571998025497e-02
2.035999999999999943e+01,2.586990265159773081e-02
2.039999999999999858e+01,1.269474341707915559e-02
2.044000000000000128e+01,1.997665289969351166e-02
2.048000000000000043e+01,1.353126685858783984e-02
2.051999999999999957e+01,2.288144925269158803e-02
2.055999999999999872e+01,2.420173473542552162e-02
2.060000000000000142e+01,1.878698777882343088e-02
2.064000000000000057e+01,3.382932009060315298e-02
2.067999999999999972e+01,3.255464270634356866e-02
2.071999999999999886e+01,2.273213190699939143e-02
2.076000000000000156e+01,3.414362412385687356e-02
2.080000000000000071e+01,1.628948935758244010e-02
2.083999999999999986e+01,2.303600396864797020e-02
2.087999999999999901e+01,3.107564755518801847e-02
2.092000000000000171e+01,4.170328458923644455e-02
2.096000000000000085e+01,1.943968846815640264e-02
2.100000000000000000e+01,8.569154075216715502e-03
2.103999999999999915e+01,1.815572005315652451e-02
2.107999999999999829e+01,2.592775588953767640e-02
2.112000000000000099e+01,3.991341033767174806e-02
2.116000000000000014e+01,2.515140173963562389e-02
2.119999999999999929e+01,3.317725420468962960e-02
2.123999999999999844e+01,2.980660349198103673e-02
2.128000000000000114e+01,1.296767193290494433e-02
2.132000000000000028e+01,2.487297463187547117e-02
2.135999999999999943e+01,3.496376196103577472e-02
2.139999999999999858e+01,4.039133883471031361e-02
2.144000000000000128e+01,3.364550566480058180e-02
2.148000000000000043e+01,2.508516345583000282e-02
2.151999999999999957e+01,4.190242391551599749e-02
2.155999999999999872e+01,3.333868457216834780e-02
2.160000000000000142e+01,2.321941499286609215e-02
2.164000000000000057e+01,3.407522238290346117e-02
2.167999999999999972e+01,3.923194419977614478e-02
2.171999999999999886e+01,2.599993140824906693e-02
2.176000000000000156e+01,3.089430472088579988e-02
2.180000000000000071e+01,1.688200270090848415e-02
2.183999999999999986e+01,2.954218259337031832e-02
2.187999999999999901e+01,3.417253521270484373e-02
2.192000000000000171e+01,2.740642052852282698e-02
2.196000000000000085e+01,2.685396877133920668e-02
2.200000000000000000e+01,3.821257644325403574e-02
2.203999999999999915e+01,4.050547539361326610e-02
2.207999999999999829e+01,3.269677784323936354e-02
2.212000000000000099e+01,2.100182523894627770e-02
2.216000000000000014e+01,2.898711467545572046e-02
2.219999999999999929e+01,4.240916228339164373e-02
2.223999999999999844e+01,4.184503474624101660e-02
2.228000000000000114e+01,3.273315609374708585e-02
2.232000000000000028e+01,2.102989530036695684e-02
2.235999999999999943e+01,3.340941912910461165e-02
2.239999999999999858e+01,3.257969367082526324e-02
2.244000000000000128e+01,3.097139970890691943e-02
2.248000000000000043e+01,3.221015396659499680e-02
2.251999999999999957e+01,3.396520630292786114e-02
2.255999999999999872e+01,3.986217344115092209e-02
2.260000000000000142e+01,3.177298442653526261e-02
2.264000000000000057e+01,4.491789760986079905e-02
2.267999999999999972e+01,2.335886107230006684e-02
2.271999999999999886e+01,3.132105006859878249e-02
2.276000000000000156e+01,3.850468744325662857e-02
2.280000000000000071e+01,3.791751855288889861e-02
2.283999999999999986e+01,2.567495842239269147e-02
2.287999999999999901e+01,3.518445809604981572e-02
2.292000000000000171e+01,2.293864432816139845e-02
2.296000000000000085e+01,3.348078447435316046e-02
2.300000000000000000e+01,2.382145023363996944e-02
2.303999999999999915e+01,7.139341295096604534e-02
2.307999999999999829e+01,2.375731506851513075e-01
2.312000000000000099e+01,4.200665389654949511e-01
2.316000000000000014e+01,3.060348332951875472e-01
2.319999999999999929e+01,1.632555722014483179e-01
2.323999999999999844e+01,6.527693994386893350e-02
2.328000000000000114e+01,4.058591059195125472e-02
2.332000000000000028e+01,3.479826706100921929e-02
2.335999999999999943e+01,3.910894740116011709e-02
2.339999999999999858e+01,1.260030309027349374e-02
2.344000000000000128e+01,2.752565602615677717e-02
2.348000000000000043e+01,2.561620203877115406e-02
2.351999999999999957e+01,2.888460338869770078e-02
2.355999999999999872e+01,3.163346779433574146e-02
2.360000000000000142e+01,2.583465072287316130e-02
2.364000000000000057e+01,2.754444757068351401e-02
2.367999999999999972e+01,2.692190649845695519e-02
2.371999999999999886e+01,1.878758016930632060e-02
2.376000000000000156e+01,2.903871792916522254e-02
2.380000000000000071e+01,3.384985443145430845e-02
2.383999999999999986e+01,3.192612942463934206e-02
2.387999999999999901e+01,2.715213210432243160e-02
2.392000000000000171e+01,3.325340561566587222e-02
2.396000000000000085e+01,2.510962225030631198e-02
2.400000000000000000e+01,2.395652685175400642e-02
2.403999999999999915e+01,2.306083724898093726e-02
2.407999999999999829e+01,2.294050049695069843e-02
2.412000000000000099e+01,2.955188557012033632e-02
2.416000000000000014e+01,2.036438948369459490e-02
2.419999999999999929e+01,3.085724306081010643e-02
2.423999999999999844e+01,1.467437585984274727e-02
2.428000000000000114e+01,2.412822940712337078e-02
2.432000000000000028e+01,1.519348551223948657e-02
2.435999999999999943e+01,4.070053064623567474e-02
2.439999999999999858e+01,2.554734993587884015e-02
2.444000000000000128e+01,7.025981510803290010e-03
2.448000000000000043e+01,1.932079383236146378e-02
2.451999999999999957e+01,2.125516590606590234e-02
2.455999999999999872e+01,2.914436560064717630e-02
2.460000000000000142e+01,1.035786350939351362e-02
2.464000000000000057e+01,3.352336691711668010e-02
2.467999999999999972e+01,1.551071430752149621e-02
2.471999999999999886e+01,2.080405340771037184e-02
2.476000000000000156e+01,1.237032278090534169e-02
2.480000000000000071e+01,8.337597602334659991e-03
2.483999999999999986e+01,1.725197157002388709e-02
2.487999999999999901e+01,1.088544730732740433e-02
2.492000000000000171e+01,1.850191630081777019e-02
2.496000000000000085e+01,1.705283062098609040e-02
2.500000000000000000e+01,2.544318286013127692e-02
2.503999999999999915e+01,3.564482848544126697e-02
2.507999999999999829e+01,3.082455890397125739e-02
2.512000000000000099e+01,2.600277962266766413e-02
2.516000000000000014e+01,2.998455681191276867e-02
2.519999999999999929e+01,2.774948918525966396e-02
2.523999999999999844e+01,2.758469796837701229e-02
2.528000000000000114e+01,1.550567176424532019e-02
2.532000000000000028e+01,1.792760486351190063e-02
2.535999999999999943e+01,1.931215103501611116e-02
2.539999999999999858e+01,1.422089046951426419e-02
2.544000000000000128e+01,2.492545789994407568e-02
2.548000000000000043e+01,4.003106665285450366e-02
2.551999999999999957e+01,2.405849012560857744e-02
2.555999999999999872e+01,2.906119737218050905e-02
2.560000000000000142e+01,1.774715448343532065e-02
2.564000000000000057e+01,2.806014715107885138e-03
2.567999999999999972e+01,1.220680719198648234e-02
2.571999999999999886e+01,2.471379129106004990e-02
2.576000000000000156e+01,2.841423539416399260e-02
2.580000000000000071e+01,1.916458205383868990e-02
2.583999999999999986e+01,9.913456998175763576e-03
2.587999999999999901e+01,1.982482529183088316e-02
2.592000000000000171e+01,1.341946033216715600e-02
2.596000000000000085e+01,1.685358393747499878e-02
2.600000000000000000e+01,3.504767519278390725e-02
2.603999999999999915e+01,2.397641590768152114e-02
2.607999999999999829e+01,1.730622959880637537e-02
2.612000000000000099e+01,1.400122848698084725e-02
2.616000000000000014e+01,2.131264390844624795e-02
2.619999999999999929e+01,1.593295546133690482e-02
2.623999999999999844e+01,6.667229316035153987e-03
2.628000000000000114e+01,1.526915526076503757e-02
2.632000000000000028e+01,1.558251569773578225e-02
2.635999999999999943e+01,1.356367960140445958e-02
2.639999999999999858e+01,2.060743786572161174e-02
2.644000000000000128e+01,1.677291222946056259e-02
2.648000000000000043e+01,1.397283853128570251e-02
2.651999999999999957e+01,1.842255821801076776e-02
2.655999999999999872e+01,1.691447730968685670e-02
2.660000000000000142e+01,1.281524005720266826e-02
2.664000000000000057e+01,1.518888510329731954e-02
2.667999999999999972e+01,1.341754319159011236e-02
2.671999999999999886e+01,1.164477599004037044e-02
2.676000000000000156e+01,1.660386989017559323e-02
2.680000000000000071e+01,2.000770788682669846e-02
2.683999999999999986e+01,1.719478758782045855e-02
2.687999999999999901e+01,5.316413907481496066e-03
2.692000000000000171e+01,1.829798283480509394e-02
2.696000000000000085e+01,1.289109359644932673e-02
2.700000000000000000e+01,2.017244498548446605e-02
2.703999999999999915e+01,1.217301209762176178e-02
2.707999999999999829e+01,1.556696169586528102e-02
2.712000000000000099e+01,2.154923183033230494e-02
2.716000000000000014e+01,2.157373302349708741e-02
2.719999999999999929e+01,1.978402694331866940e-02
2.723999999999999844e+01,9.446831418769086400e-03
2.728000000000000114e+01,2.034398288113445363e-02
2.732000000000000028e+01,1.803214461720513764e-02
2.735999999999999943e+01,4.065153571371923034e-03
2.739999999999999858e+01,8.224846174920950187e-03
2.744000000000000128e+01,1.290109641783696547e-02
2.748000000000000043e+01,3.850420430743750361e-03
2.751999999999999957e+01,1.706999398149143185e-02
2.755999999999999872e+01,1.241908596502007238e-02
2.760000000000000142e+01,2.201028506382715286e-02
2.764000000000000057e+01,1.321306187120107820e-02
2.767999999999999972e+01,1.503233540135727984e-02
2.771999999999999886e+01,2.254763078976571369e-02
2.776000000000000156e+01,1.296937257927446505e-02
2.780000000000000071e+01,1.297172753288751250e-02
2.783999999999999986e+01,1.245477133893794879e-02
2.787999999999999901e+01,2.074151511252173355e-02
2.792000000000000171e+01,1.556032834120073607e-02
2.796000000000000085e+01,1.270853394899165364e-02
2.800000000000000000e+01,1.917839079977887509e-02
2.803999999999999915e+01,5.447039155132801444e-03
2.807999999999999829e+01,1.010137950647193271e-02
2.812000000000000099e+01,1.449539595435375521e-02
2.816000000000000014e+01,2.018292544316909951e-02
2.819999999999999929e+01,1.628712624418049426e-02
2.823999999999999844e+01,1.938223869847539513e-02
2.828000000000000114e+01,1.341197163017957689e-02
2.832000000000000028e+01,1.339673054623945203e-02
2.835999999999999943e+01,1.700576530569326145e-02
2.839999999999999858e+01,1.154942687330566715e-02
2.844000000000000128e+01,7.127643781243193748e-03
2.848000000000000043e+01,6.589115335680721490e-03
2.851999999999999957e+01,1.122870600865233034e-02
2.855999999999999872e+01,9.651629126706898557e-03
2.860000000000000142e+01,1.558342783500658857e-02
2.864000000000000057e+01,2.539848963080543198e-02
2.867999999999999972e+01,1.086881713745789339e-02
2.871999999999999886e+01,1.368898051466470138e-02
2.876000000000000156e+01,2.298213803368831867e-02
2.880000000000000071e+01,1.285104456909486742e-02
2.883999999999999986e+01,1.437239891395459407e-02
2.887999999999999901e+01,2.055394642488258053e-02
2.892000000000000171e+01,1.274967120243642761e-02
2.896000000000000085e+01,1.245429056248336698e-02
2.900000000000000000e+01,1.086274255514067463e-02
2.903999999999999915e+01,7.198111873587677116e-03
2.907999999999999829e+01,1.492696919062964575e-02
2.912000000000000099e+01,1.695713344096509007e-02
2.916000000000000014e+01,2.002189101612153466e-02
2.919999999999999929e+01,1.220851029793426634e-02
2.923999999999999844e+01,1.993218557705051311e-02
2.928000000000000114e+01,1.600080936625206812e-02
2.932000000000000028e+01,2.553471359440194488e-02
2.935999999999999943e+01,1.486747896536105146e-02
2.939999999999999858e+01,2.672956552825737908e-02
2.944000000000000128e+01,1.761360003739193339e-02
2.948000000000000043e+01,5.129712723279550649e-03
2.951999999999999957e+01,8.700841122932652730e-03
2.955999999999999872e+01,1.719117103525714951e-02
2.960000000000000142e+01,8.588044420171584564e-03
2.964000000000000057e+01,1.940658199023978861e-02
2.967999999999999972e+01,2.219570378588680074e-02
2.971999999999999886e+01,2.109897147507177467e-02
2.976000000000000156e+01,2.025994672575391273e-02
2.980000000000000071e+01,1.320431983926203742e-02
2.983999999999999986e+01,2.116783565910653961e-02
2.987999999999999901e+01,1.851222153221040653e-02
2.992000000000000171e+01,1.067590148831689192e-02
2.996000000000000085e+01,1.889462037093644561e-02
3.000000000000000000e+01,2.167366508470140035e-02
3.003999999999999915e+01,1.409256076508159407e-02
3.007999999999999829e+01,1.816396967265796261e-02
3.012000000000000099e+01,1.032139893320810700e-02
3.016000000000000014e+01,1.698004283737917022e-02
3.019999999999999929e+01,1.146573884266678840e-02
3.023999999999999844e+01,1.579114920965172739e-02
3.028000000000000114e+01,1.338203781774637349e-02
3.032000000000000028e+01,1.796394781211268707e-02
3.035999999999999943e+01,1.348058801687669964e-02
3.039999999999999858e+01,1.831900607962350797e-02
3.044000000000000128e+01,9.171681598487611137e-03
3.048000000000000043e+01,1.711531336653922264e-02
3.051999999999999957e+01,1.936032592662639829e-02
3.055999999999999872e+01,1.383494161014433600e-02
3.060000000000000142e+01,2.151593278824653552e-02
3.064000000000000057e+01,1.598810939078535581e-02
3.067999999999999972e+01,1.175393197999353295e-02
3.071999999999999886e+01,2.331586111810365902e-02
3.076000000000000156e+01,1.648953256426305414e-02
3.080000000000000071e+01,1.846705802618937853e-02
3.083999999999999986e+01,1.552289857921996738e-02
3.087999999999999901e+01,1.128267094660041422e-02
3.092000000000000171e+01,4.710487349153088567e-03
3.096000000000000085e+01,1.937284488159998069e-02
3.100000000000000000e+01,2.238024166487254801e-02
3.103999999999999915e+01,1.114295508565210299e-02
3.107999999999999829e+01,2.114021596707527789e-02
3.112000000000000099e+01,1.870560501300289405e-02
3.116000000000000014e+01,2.403897717751802762e-02
3.119999999999999929e+01,2.470965589774231502e-02
3.123999999999999844e+01,1.786894608800027387e-02
3.128000000000000114e+01,1.309883133574472371e-02
3.132000000000000028e+01,1.635568061543267795e-02
3.135999999999999943e+01,1.702162467068349741e-02
3.139999999999999858e+01,9.917216164610324902e-03
3.144000000000000128e+01,1.291155780008464149e-02
3.148000000000000043e+01,2.445081685321523132e-02
3.151999999999999957e+01,1.863774819856813328e-02
3.155999999999999872e+01,1.256453712194436495e-02
3.160000000000000142e+01,1.684905710022404496e-02
3.164000000000000057e+01,2.009652145995610706e-02
3.167999999999999972e+01,2.204795983903349438e-02
3.171999999999999886e+01,1.571111759407137556e-02
3.176000000000000156e+01,7.560308644240408375e-03
3.180000000000000071e+01,1.339285591355751821e-02
3.183999999999999986e+01,1.326788114079597257e-02
3.187999999999999901e+01,1.702634038576537195e-02
3.192000000000000171e+01,1.068372225144625237e-02
3.196000000000000085e+01,6.670707521216586063e-03
3.200000000000000000e+01,1.508722472724284558e-02
3.203999999999999915e+01,1.184883605058889913e-02
3.207999999999999829e+01,1.249389194291477580e-02
3.211999999999999744e+01,1.857622934861125064e-02
3.215999999999999659e+01,1.947797901129779546e-02
3.220000000000000284e+01,1.597606045829468024e-02
3.224000000000000199e+01,1.195506288520421269e-02
3.228000000000000114e+01,1.129957548762879592e-02
3.232000000000000028e+01,2.410952679773484264e-02
3.235999999999999943e+01,2.396972674537465459e-02
3.239999999999999858e+01,2.279291116921262211e-02
3.243999999999999773e+01,1.617655014943220060e-02
3.247999999999999687e+01,1.551543457998405019e-02
3.252000000000000313e+01,1.381730981748333781e-02
3.256000000000000227e+01,2.480771900709217298e-02
3.260000000000000142e+01,1.870482993802411939e-02
3.264000000000000057e+01,1.985205712207161258e-02
3.267999999999999972e+01,1.374694421750148436e-02
3.271999999999999886e+01,2.343804337432216223e-02
3.275999999999999801e+01,3.002036622073417371e-02
3.279999999999999716e+01,3.789644689705359837e-02
3.284000000000000341e+01,5.354059932245109482e-02
3.288000000000000256e+01,1.186473936566272425e-01
3.292000000000000171e+01,1.780556953978255641e-01
3.296000000000000085e+01,1.605480767581654589e-01
3.300000000000000000e+01,1.212856764599031800e-01
3.303999999999999915e+01,7.684273484412595945e-02
3.307999999999999829e+01,5.052677653319898043e-02
3.311999999999999744e+01,2.213795079353874165e-02
3.315999999999999659e+01,2.094014911171751883e-02
3.320000000000000284e+01,1.559770444280792444e-02
3.324000000000000199e+01,1.595157284661948005e-02
3.328000000000000114e+01,2.277867385047241747e-02
3.332000000000000028e+01,2.209449605734738545e-02
3.335999999999999943e+01,1.571184888399196691e-02
3.339999999999999858e+01,2.745620189748501985e-02
3.343999999999999773e+01,2.392010827404425846e-02
3.347999999999999687e+01,1.105993698812676035e-02
3.352000000000000313e+01,1.088835030031342840e-02
3.356000000000000227e+01,1.900281829078777698e-02
3.360000000000000142e+01,2.271369192431463985e-02
3.364000000000000057e+01,2.771836770299416358e-02
3.367999999999999972e+01,2.469383873222998071e-02
3.371999999999999886e+01,1.027346498163298275e-02
3.375999999999999801e+01,2.123133963612384295e-02
3.379999999999999716e+01,1.949851136949726227e-02
3.384000000000000341e+01,2.216716546755423747e-02
3.388000000000000256e+01,1.292203828206387774e-02
3.392000000000000171e+01,1.921421399310061298e-02
3.396000000000000085e+01,1.851308961586942831e-02
3.400000000000000000e+01,2.195448357196411529e-02
3.403999999999999915e+01,1.892052660500408504e-02
3.407999999999999829e+01,2.443162422193572228e-02
3.411999999999999744e+01,1.543922849325024375e-02
3.415999999999999659e+01,1.861750618195163326e-02
3.420000000000000284e+01,2.334858803165936261e-02
3.424000000000000199e+01,2.160432950956130832e-02
3.428000000000000114e+01,2.348465914782382757e-02
3.432000000000000028e+01,1.655890038356855679e-02
3.435999999999999943e+01,1.973204580909435762e-02
3.439999999999999858e+01,9.696575022535668456e-03
3.443999999999999773e+01,2.244966379174261409e-02
3.447999999999999687e+01,2.795050743357189310e-02
3.452000000000000313e+01,2.179657602820701465e-02
3.456000000000000227e+01,2.289286216794689938e-02
3.460000000000000142e+01,1.751382692812891023e-02
3.464000000000000057e+01,1.420556400677846706e-02
3.467999999999999972e+01,1.840649743363896237e-02
3.471999999999999886e+01,2.286540009296867196e-02
3.475999999999999801e+01,3.068994376329942791e-02
3.479999999999999716e+01,1.779569062569521035e-02
3.484000000000000341e+01,2.846693556342486109e-02
3.488000000000000256e+01,2.592958961206730251e-02
3.492000000000000171e+01,1.795282905257752221e-02
3.496000000000000085e+01,1.282377511062395871e-02
3.500000000000000000e+01,1.986543890130256645e-02
3.503999999999999915e+01,2.069077699752769686e-02
3.507999999999999829e+01,2.047924095668585132e-02
3.511999999999999744e+01,1.456932838660373805e-02
3.515999999999999659e+01,1.694555490480032650e-02
3.520000000000000284e+01,1.906183103374982368e-02
3.524000000000000199e+01,2.298993866255661864e-02
3.528000000000000114e+01,2.147865067547910511e-02
3.532000000000000028e+01,2.385097818761318031e-02
3.535999999999999943e+01,1.508651991251205686e-02
3.539999999999999858e+01,2.574402969853229958e-02
3.543999999999999773e+01,3.122112478202413582e-02
3.547999999999999687e+01,2.737424771552797453e-02
3.552000000000000313e+01,1.860593263935980679e-02
3.556000000000000227e+01,1.009563111090615826e-02
3.560000000000000142e+01,1.867655594361124216e-02
3.564000000000000057e+01,1.689762717790001950e-02
3.567999999999999972e+01,1.226904862237060585e-02
3.571999999999999886e+01,1.748047353275779259e-02
3.575999999999999801e+01,1.802944556732846357e-02
3.579999999999999716e+01,2.246205842410803691e-02
3.584000000000000341e+01,2.145530520850011044e-02
3.588000000000000256e+01,2.795781164859633891e-02
3.592000000000000171e+01,2.021589217667218996e-02
3.596000000000000085e+01,1.558070455088549251e-02
3.600000000000000000e+01,1.431122335384289561e-02
3.603999999999999915e+01,1.847923047464887503e-02
3.607999999999999829e+01,2.005658138049119799e-02
3.611999999999999744e+01,2.189197537754488179e-02
3.615999999999999659e+01,2.346746963134607733e-02
3.620000000000000284e+01,1.546005724729834774e-02
3.624000000000000199e+01,2.221315273719420141e-02
3.628000000000000114e+01,2.818840986987316416e-02
3.632000000000000028e+01,2.535768411252309340e-02
3.635999999999999943e+01,2.511576635909452265e-02
3.639999999999999858e+01,2.098834691091636465e-02
3.643999999999999773e+01,2.307535430015503208e-02
3.647999999999999687e+01,2.801014849642141646e-02
3.652000000000000313e+01,2.025438326855504359e-02
3.656000000000000227e+01,2.000791357063900697e-02
3.660000000000000142e+01,2.493998926171155789e-02
3.664000000000000057e+01,2.754041075367415561e-02
3.667999999999999972e+01,1.978103351371463675e-02
3.671999999999999886e+01,2.496938216419815337e-02
3.675999999999999801e+01,1.876204641383176497e-02
3.679999999999999716e+01,2.368963346791005259e-02
3.684000000000000341e+01,2.214201731641789531e-02
3.688000000000000256e+01,1.515508995903243512e-02
3.692000000000000171e+01,1.412364228970422984e-02
3.696000000000000085e+01,2.552198822760402483e-02
3.700000000000000000e+01,2.267596523022735733e-02
3.703999999999999915e+01,1.853419902566583871e-02
3.707999999999999829e+01,2.837606759322267025e-02
3.711999999999999744e+01,2.734021569689122633e-02
3.715999999999999659e+01,2.138301231112856027e-02
3.720000000000000284e+01,1.671979888274854192e-02
3.724000000000000199e+01,2.526331125041545583e-02
3.728000000000000114e+01,2.759061609761626066e-02
3.732000000000000028e+01,2.266582564517338749e-02
3.735999999999999943e+01,2.240167573175116944e-02
3.739999999999999858e+01,2.291358138224678168e-02
3.743999999999999773e+01,3.663222338003818690e-02
3.747999999999999687e+01,2.497070545420641136e-02
3.752000000000000313e+01,2.289031348317428424e-02
3.756000000000000227e+01,2.676543496419581114e-02
3.760000000000000142e+01,2.494231075146313703e-02
3.764000000000000057e+01,2.777984184949952584e-02
3.767999999999999972e+01,2.621399383606542663e-02
3.771999999999999886e+01,3.163955760511147353e-02
3.775999999999999801e+01,2.981304928726135825e-02
3.779999999999999716e+01,2.953953505289734840e-02
3.784000000000000341e+01,3.625743893176280874e-02
3.788000000000000256e+01,4.219758886340236465e-02
3.792000000000000171e+01,5.745991337998245657e-02
3.796000000000000085e+01,7.505215783811829133e-02
3.800000000000000000e+01,1.050742507699762435e-01
3.803999999999999915e+01,1.537415336223702245e-01
3.807999999999999829e+01,2.940842457101779939e-01
3.811999999999999744e+01,6.436758915936535708e-01
3.815999999999999659e+01,1.000000000000000000e+00
3.820000000000000284e+01,9.085598840532176368e-01
3.824000000000000199e+01,7.606629515947375131e-01
3.828000000000000114e+01,5.910115160306254056e-01
3.832000000000000028e+01,3.250215074323619113e-01
3.835999999999999943e+01,1.600299518461068549e-01
3.839999999999999858e+01,8.490103507076604550e-02
3.843999999999999773e+01,4.110698046394403032e-02
3.847999999999999687e+01,4.340922106023029775e-02
3.852000000000000313e+01,3.043128302130415283e-02
3.856000000000000227e+01,3.920623200444318252e-02
3.860000000000000142e+01,3.762148354764928426e-02
3.864000000000000057e+01,2.438217739938803794e-02
3.867999999999999972e+01,2.771631515680452254e-02
3.871999999999999886e+01,3.027274328224041286e-02
3.875999999999999801e+01,1.884386779574672571e-02
3.879999999999999716e+01,2.606022232453482704e-02
3.884000000000000341e+01,3.223990107973476876e-02
3.888000000000000256e+01,2.469325502611133608e-02
3.892000000000000171e+01,2.750472620310018268e-02
3.896000000000000085e+01,2.332316107304299030e-02
3.900000000000000000e+01,1.732801119332624817e-02
3.903999999999999915e+01,2.609351690503731655e-02
3.907999999999999829e+01,1.931990105267605146e-02
3.911999999999999744e+01,2.342235792688958720e-02
3.915999999999999659e+01,2.260356882416064001e-02
3.920000000000000284e+01,2.385579260837361257e-02
3.924000000000000199e+01,1.630218755079107171e-02
3.928000000000000114e+01,2.117849849492347766e-02
3.932000000000000028e+01,3.356425057624069785e-02
3.935999999999999943e+01,2.082891438803099321e-02
3.939999999999999858e+01,2.829267470299069720e-02
3.943999999999999773e+01,2.021733244612599137e-02
3.947999999999999687e+01,1.524890773737895902e-02
3.952000000000000313e+01,1.778993471706561205e-02
3.956000000000000227e+01,1.825843401823274911e-02
3.960000000000000142e+01,2.468255439419210842e-02
3.964000000000000057e+01,1.867525241785797374e-02
3.967999999999999972e+01,2.354405271159553184e-02
3.971999999999999886e+01,2.375060904424427730e-02
3.975999999999999801e+01,2.576923533497495547e-02
3.979999999999999716e+01,2.131281457861852052e-02
3.984000000000000341e+01,1.400696349842047751e-02
3.988000000000000256e+01,1.680030782247247598e-02
3.992000000000000171e+01,2.839798729924005588e-02
3.996000000000000085e+01,1.824125230086625152e-02
4.000000000000000000e+01,1.921960892691915168e-02
4.003999999999999915e+01,1.942032555923401543e-02
4.007999999999999829e+01,2.816641331290675732e-02
4.011999999999999744e+01,1.748884728364874519e-02
4.015999999999999659e+01,2.286685829459643091e-02
4.020000000000000284e+01,2.720826528044836823e-02
4.024000000000000199e+01,1.626958437182823153e-02
4.028000000000000114e+01,1.491217502524219696e-02
4.032000000000000028e+01,1.148227809488237480e-02
4.035999999999999943e+01,1.452598727877415542e-02
4.039999999999999858e+01,2.326638727009681593e-02
4.043999999999999773e+01,1.672670991819630998e-02
4.047999999999999687e+01,2.417084670964500179e-02
4.052000000000000313e+01,3.265017613685081838e-02
4.056000000000000227e+01,5.873893854090113387e-02
4.060000000000000142e+01,7.653988879636196285e-02
4.064000000000000057e+01,8.760686384762413070e-02
4.067999999999999972e+01,7.096309554403359976e-02
4.071999999999999886e+01,5.561350289980590555e-02
4.075999999999999801e+01,3.974528071869295326e-02
4.079999999999999716e+01,2.568918336215607681e-02
4.084000000000000341e+01,1.914260733229545403e-02
4.088000000000000256e+01,2.295425193528604496e-02
4.092000000000000171e+01,2.288063330175162113e-02
4.096000000000000085e+01,2.125250579315348873e-02
4.100000000000000000e+01,2.480315580101916106e-02
4.103999999999999915e+01,2.731724609903431536e-02
4.107999999999999829e+01,2.076663215438684373e-02
4.111999999999999744e+01,2.276144419759137602e-02
4.115999999999999659e+01,1.491463880156224803e-02
4.120000000000000284e+01,2.079271306102147346e-02
4.124000000000000199e+01,1.812403646353077241e-02
4.128000000000000114e+01,1.364189540061773974e-02
4.132000000000000028e+01,2.158977796215815967e-02
4.135999999999999943e+01,2.280372330399585423e-02
4.139999999999999858e+01,1.288120150631437248e-02
4.143999999999999773e+01,1.331692988498098425e-02
4.147999999999999687e+01,1.970837852017923164e-02
4.152000000000000313e+01,2.402740287909694086e-02
4.156000000000000227e+01,2.627400507198384555e-02
4.160000000000000142e+01,1.919695798309834986e-02
4.164000000000000057e+01,1.522694239581835751e-02
4.167999999999999972e+01,1.928443739517356550e-02
4.171999999999999886e+01,2.126951866949710473e-02
4.175999999999999801e+01,2.247705069082294588e-02
4.179999999999999716e+01,1.824553106697776247e-02
4.184000000000000341e+01,1.789797091305748988e-02
4.188000000000000256e+01,2.298820717345293960e-02
4.192000000000000171e+01,2.393426048121086863e-02
4.196000000000000085e+01,2.021818800186742787e-02
4.200000000000000000e+01,1.520663398631123646e-02
4.203999999999999915e+01,2.055336180084976067e-02
4.207999999999999829e+01,1.346879598833111875e-02
4.211999999999999744e+01,1.700148869876354912e-02
4.215999999999999659e+01,2.519507517818961317e-02
4.220000000000000284e+01,2.121634683366464824e-02
4.224000000000000199e+01,1.982673669977817743e-02
4.228000000000000114e+01,2.309802666563462448e-02
4.232000000000000028e+01,1.782262275128509293e-02
4.235999999999999943e+01,1.487737090596656132e-02
4.239999999999999858e+01,1.607508054642658654e-02
4.243999999999999773e+01,1.545938691870774734e-02
4.247999999999999687e+01,2.261227361026276611e-02
4.252000000000000313e+01,1.914669719400597866e-02
4.256000000000000227e+01,1.775231092567216770e-02
4.260000000000000142e+01,2.127781411143639043e-02
4.264000000000000057e+01,1.625664029899280549e-02
4.267999999999999972e+01,1.589638768878991887e-02
4.271999999999999886e+01,1.527658141629759450e-02
4.275999999999999801e+01,2.501509495839593714e-02
4.279999999999999716e+01,2.801974724978347278e-02
4.284000000000000341e+01,1.833417353650270212e-02
4.288000000000000256e+01,2.237356810920078723e-02
4.292000000000000171e+01,1.812527292779637575e-02
4.296000000000000085e+01,1.750202383095373487e-02
4.300000000000000000e+01,1.972690551185211569e-02
4.303999999999999915e+01,1.754869085474988072e-02
4.307999999999999829e+01,2.288011569831127287e-02
4.311999999999999744e+01,2.225461359023058264e-02
4.315999999999999659e+01,1.619013158547122355e-02
4.320000000000000284e+01,1.944810271862273954e-02
4.324000000000000199e+01,2.115168526094768353e-02
4.328000000000000114e+01,2.130088132269581866e-02
4.332000000000000028e+01,2.015466548647382172e-02
4.335999999999999943e+01,1.926687469667246605e-02
4.339999999999999858e+01,2.278107062125093660e-02
4.343999999999999773e+01,2.266910872739699018e-02
4.347999999999999687e+01,1.763612876357628298e-02
4.352000000000000313e+01,1.493336206603002730e-02
4.356000000000000227e+01,2.854532425227718218e-02
4.360000000000000142e+01,1.600053196604624486e-02
4.364000000000000057e+01,1.536794075404199905e-02
4.367999999999999972e+01,1.913735102816599767e-02
4.371999999999999886e+01,2.653184748159754039e-02
4.375999999999999801e+01,2.512075355145810748e-02
4.379999999999999716e+01,1.775276854392274575e-02
4.384000000000000341e+01,1.659960077001261525e-02
4.388000000000000256e+01,1.855358267169537195e-02
4.392000000000000171e+01,2.387368883157767879e-02
4.396000000000000085e+01,2.453177471684736891e-02
4.400000000000000000e+01,2.337653963367935031e-02
4.403999999999999915e+01,3.076688458659695632e-02
4.407999999999999829e+01,2.986960098265552255e-02
4.411999999999999744e+01,2.793592015809626128e-02
4.415999999999999659e+01,3.558371558979928767e-02
4.420000000000000284e+01,3.753361351896094406e-02
4.424000000000000199e+01,5.294957901023698843e-02
4.428000000000000114e+01,5.852409166176188171e-02
4.432000000000000028e+01,8.196720812596688943e-02
4.435999999999999943e+01,1.108482518399736688e-01
4.439999999999999858e+01,9.751629000037395634e-02
4.443999999999999773e+01,8.884534221400501586e-02
4.447999999999999687e+01,8.276363081226197072e-02
4.452000000000000313e+01,7.564554329239883690e-02
4.456000000000000227e+01,5.739115534274875918e-02
4.460000000000000142e+01,4.094909269140332986e-02
4.464000000000000057e+01,2.994497206160809735e-02
4.467999999999999972e+01,2.308393320182867275e-02
4.471999999999999886e+01,2.528645519709467326e-02
4.475999999999999801e+01,2.593466879102556202e-02
4.479999999999999716e+01,2.036707159144807502e-02
4.484000000000000341e+01,2.489893146709269006e-02
4.488000000000000256e+01,2.269703982501481559e-02
4.492000000000000171e+01,2.567413250387870841e-02
4.496000000000000085e+01,2.373028519201746123e-02
4.500000000000000000e+01,2.385775675331552187e-02
4.503999999999999915e+01,1.673354029317648470e-02
4.507999999999999829e+01,2.462927054453812811e-02
4.511999999999999744e+01,2.475537205024853221e-02
4.515999999999999659e+01,1.529903961405966462e-02
4.520000000000000284e+01,1.412937593884300812e-02
4.524000000000000199e+01,1.606693368771165351e-02
4.528000000000000114e+01,1.929890766441746952e-02
4.532000000000000028e+01,1.113564883372520839e-02
4.535999999999999943e+01,1.928721384806625361e-02
4.539999999999999858e+01,1.241793566251307192e-02
4.543999999999999773e+01,1.797889845714015569e-02
4.547999999999999687e+01,2.638812286499433654e-02
4.552000000000000313e+01,1.692781320777839507e-02
4.556000000000000227e+01,1.808494355499420947e-02
4.560000000000000142e+01,1.302630531369713095e-02
4.564000000000000057e+01,1.858511129733134148e-02
4.567999999999999972e+01,2.077685010887743086e-02
4.571999999999999886e+01,2.219124858215352353e-02
4.575999999999999801e+01,2.464111613390721975e-02
4.579999999999999716e+01,1.802652845247176838e-02
4.584000000000000341e+01,1.529611126593865070e-02
4.588000000000000256e+01,1.903959140812615247e-02
4.592000000000000171e+01,1.527245748201474379e-02
4.596000000000000085e+01,2.082792230104863959e-02
4.600000000000000000e+01,1.939072221699690568e-02
4.603999999999999915e+01,1.510441889781863681e-02
4.607999999999999829e+01,1.677407851389618385e-02
4.611999999999999744e+01,2.051511609012668033e-02
4.615999999999999659e+01,1.778144214898427083e-02
4.620000000000000284e+01,1.427045319256919215e-02
4.624000000000000199e+01,1.723338055712263922e-02
4.628000000000000114e+01,1.009598812205681623e-02
4.632000000000000028e+01,2.833750671050819930e-02
4.635999999999999943e+01,1.291221473536762095e-02
4.639999999999999858e+01,2.752734250666691654e-02
4.643999999999999773e+01,2.012942519093146448e-02
4.647999999999999687e+01,1.946440933002007920e-02
4.652000000000000313e+01,1.180675599927010801e-02
4.656000000000000227e+01,1.968707240397613717e-02
4.660000000000000142e+01,2.161064544877051852e-02
4.664000000000000057e+01,2.146206432925551466e-02
4.667999999999999972e+01,2.209002835160617587e-02
4.671999999999999886e+01,2.297659468135857322e-02
4.675999999999999801e+01,1.246800417270476323e-02
4.679999999999999716e+01,2.578451517642447663e-02
4.684000000000000341e+01,1.890080950210508079e-02
4.688000000000000256e+01,1.564235671682542156e-02
4.692000000000000171e+01,2.481422299096772144e-02
4.696000000000000085e+01,1.767046600317281890e-02
4.700000000000000000e+01,1.674169295873534011e-02
4.703999999999999915e+01,2.125098855083453614e-02
4.707999999999999829e+01,1.747281385480781504e-02
4.711999999999999744e+01,2.638394124180876849e-02
4.715999999999999659e+01,2.415890536525812371e-02
4.720000000000000284e+01,2.322838700853389546e-02
4.724000000000000199e+01,4.146148887450758908e-02
4.728000000000000114e+01,5.270199336538839568e-02
4.732000000000000028e+01,3.675004974759284171e-02
4.735999999999999943e+01,3.296947592960989409e-02
4.739999999999999858e+01,3.695774199162321638e-02
4.743999999999999773e+01,2.540732753176711337e-02
4.747999999999999687e+01,2.084883975533621120e-02
4.752000000000000313e+01,1.473618918480471170e-02
4.756000000000000227e+01,1.846416671412319868e-02
4.760000000000000142e+01,1.364572891620599755e-02
4.764000000000000057e+01,1.685511613214049631e-02
4.767999999999999972e+01,1.954623888440079962e-02
4.771999999999999886e+01,1.835245714259781460e-02
4.775999999999999801e+01,1.223788312755397061e-02
4.779999999999999716e+01,1.492805998443141879e-02
4.784000000000000341e+01,2.461018251698209383e-02
4.788000000000000256e+01,1.538700559977198776e-02
4.792000000000000171e+01,2.066598027708294039e-02
4.796000000000000085e+01,1.869342098119032916e-02
4.800000000000000000e+01,1.723850399304914516e-02
4.803999999999999915e+01,1.474739658876805630e-02
4.807999999999999829e+01,1.614057785337678561e-02
4.811999999999999744e+01,1.313093078170632540e-02
4.815999999999999659e+01,1.530043896120934777e-02
4.820000000000000284e+01,1.280815055257591983e-02
4.824000000000000199e+01,2.041549859039547277e-02
4.828000000000000114e+01,1.429701772808879973e-02
4.832000000000000028e+01,1.517050786445260473e-02
4.835999999999999943e+01,1.474885199431786968e-02
4.839999999999999858e+01,1.510383200678916231e-02
4.843999999999999773e+01,1.960209215275504624e-02
4.847999999999999687e+01,1.011556147748669983e-02
4.852000000000000313e+01,1.305943427163133545e-02
4.856000000000000227e+01,1.315433677638532146e-02
4.860000000000000142e+01,1.143616099142572180e-02
4.864000000000000057e+01,1.981764275541689213e-02
4.867999999999999972e+01,1.861687627948893989e-02
4.871999999999999886e+01,2.207734965351773604e-02
4.875999999999999801e+01,1.906324867640903434e-02
4.879999999999999716e+01,1.993347435268607443e-02
4.884000000000000341e+01,1.122146023004311037e-02
4.888000000000000256e+01,1.908342812677044087e-02
4.892000000000000171e+01,2.513233461578248326e-02
4.896000000000000085e+01,2.004517280248279895e-02
4.900000000000000000e+01,1.521673358082203248e-02
4.903999999999999915e+01,1.349571625697514737e-02
4.907999999999999829e+01,1.358726057940775125e-02
4.911999999999999744e+01,2.481437766321575866e-02
4.915999999999999659e+01,2.102084991060839195e-02
4.920000000000000284e+01,1.023482607489732861e-02
4.924000000000000199e+01,1.783561055730245593e-02
4.928000000000000114e+01,1.455931609175092900e-02
4.932000000000000028e+01,1.594429312990272574e-02
4.935999999999999943e+01,1.862390164136875845e-02
4.939999999999999858e+01,1.042643753562745926e-02
4.943999999999999773e+01,1.595428779682812534e-02
4.947999999999999687e+01,1.656143652552825515e-02
4.952000000000000313e+01,1.716836280675753876e-02
4.956000000000000227e+01,1.829301369547942091e-02
4.960000000000000142e+01,2.019436377430048821e-02
4.964000000000000057e+01,2.209549773640008194e-02
4.967999999999999972e+01,2.011183060667530442e-02
4.971999999999999886e+01,1.605617180187389817e-02
4.975999999999999801e+01,1.925153243709171180e-02
4.979999999999999716e+01,1.208778650231358796e-02
4.984000000000000341e+01,1.709554120283419271e-02
4.988000000000000256e+01,1.821850536277930602e-02
4.992000000000000171e+01,1.882332323303768928e-02
4.996000000000000085e+01,1.580232725557704707e-02
5.000000000000000000e+01,1.640674876663853615e-02
5.003999999999999915e+01,1.649303031876258110e-02
5.007999999999999829e+01,1.839192627341046035e-02
5.011999999999999744e+01,1.019070501241748326e-02
5.015999999999999659e+01,1.700969846464662344e-02
5.020000000000000284e+01,1.424652386644808567e-02
5.024000000000000199e+01,1.459083447355672032e-02
5.028000000000000114e+01,1.881954981329274357e-02
5.032000000000000028e+01,1.890452535284404753e-02
5.035999999999999943e+01,1.510473567481721187e-02
5.039999999999999858e+01,1.596627447723763388e-02
5.043999999999999773e+01,1.605072195086153578e-02
5.047999999999999687e+01,1.768883245715018038e-02
5.052000000000000313e+01,1.803191091042817898e-02
5.056000000000000227e+01,1.889276672744315960e-02
5.060000000000000142e+01,1.923551212901746660e-02
5.064000000000000057e+01,1.906014922540102269e-02
5.067999999999999972e+01,1.758976270977297141e-02
5.071999999999999886e+01,1.767305188830838730e-02
5.075999999999999801e+01,1.775618403711595739e-02
5.079999999999999716e+01,1.084690451281083295e-02
5.084000000000000341e+01,1.610917838004882752e-02
5.088000000000000256e+01,1.619185210117153606e-02
5.092000000000000171e+01,1.938204690184760007e-02
5.096000000000000085e+01,2.024134297283318104e-02
5.100000000000000000e+01,1.410823792195491609e-02
5.103999999999999915e+01,1.936977939679814312e-02
5.107999999999999829e+01,2.100556611091601578e-02
5.111999999999999744e+01,1.772073781277409485e-02
5.115999999999999659e+01,1.521269100447264835e-02
5.120000000000000284e+01,1.140964801740666605e-02
5.124000000000000199e+01,1.770639974552684973e-02
5.128000000000000114e+01,1.726973759588850202e-02
5.132000000000000028e+01,1.605603054294863635e-02
5.135999999999999943e+01,1.691397789288230299e-02
5.139999999999999858e+01,1.673591208765717528e-02
5.143999999999999773e+01,1.319108298631148368e-02
5.147999999999999687e+01,1.197688709094550316e-02
5.152000000000000313e+01,1.102154673295421480e-02
5.156000000000000227e+01,8.512256716089587963e-03
5.160000000000000142e+01,1.765661524080010258e-02
5.164000000000000057e+01,1.851374404585900968e-02
5.167999999999999972e+01,1.496823232686868635e-02
5.171999999999999886e+01,1.297644905828620153e-02
5.175999999999999801e+01,1.486914860157277467e-02
5.179999999999999716e+01,1.727969092633935277e-02
5.184000000000000341e+01,1.321582138920114093e-02
5.188000000000000256e+01,1.407233088410866050e-02
5.192000000000000171e+01,1.337490971239078778e-02
5.196000000000000085e+01,1.578506448672040499e-02
5.200000000000000000e+01,2.182074226206098116e-02
5.203999999999999915e+01,1.283592713896990374e-02
5.207999999999999829e+01,1.835348307637647836e-02
5.211999999999999744e+01,2.283506384312024989e-02
5.215999999999999659e+01,1.462691029339328701e-02
5.220000000000000284e+01,1.444682232599230932e-02
5.224000000000000199e+01,2.151788463409668589e-02
5.228000000000000114e+01,1.486332906705226282e-02
5.232000000000000028e+01,1.856759766429471811e-02
5.235999999999999943e+01,2.149487622472983500e-02
5.239999999999999858e+01,1.406318538140446765e-02
5.243999999999999773e+01,1.932107728432676946e-02
5.247999999999999687e+01,1.706870119991332063e-02
5.252000000000000313e+01,1.119064632376644795e-02
5.256000000000000227e+01,1.800218052461660320e-02
5.260000000000000142e+01,1.419578340059824730e-02
5.264000000000000057e+01,1.919439248872401721e-02
5.267999999999999972e+01,1.642377166840598354e-02
5.271999999999999886e+01,1.753768430595165420e-02
5.275999999999999801e+01,1.761565553683088273e-02
5.279999999999999716e+01,1.277310038594097613e-02
5.284000000000000341e+01,2.191501144558069200e-02
5.288000000000000256e+01,1.500058403260674973e-02
5.292000000000000171e+01,1.015789332224755967e-02
5.296000000000000085e+01,1.412022570603058309e-02
5.300000000000000000e+01,1.911840912350054253e-02
5.303999999999999915e+01,1.686532656948845632e-02
5.307999999999999829e+01,1.771987904851748605e-02
5.311999999999999744e+01,2.012823383669640545e-02
5.315999999999999659e+01,2.486731046134561460e-02
5.320000000000000284e+01,2.416793686200962438e-02
5.324000000000000199e+01,4.962475677647241318e-02
5.328000000000000114e+01,4.322793850705223401e-02
5.332000000000000028e+01,2.673117184197321139e-02
5.335999999999999943e+01,2.965732074016447228e-02
5.339999999999999858e+01,2.636811254854895883e-02
5.343999999999999773e+01,3.214292524642989313e-02
5.347999999999999687e+01,1.875376145716171894e-02
5.352000000000000313e+01,1.934909975266937629e-02
5.356000000000000227e+01,2.201620851478821098e-02
5.360000000000000142e+01,2.002180557249012838e-02
5.364000000000000057e+01,1.699150764902063529e-02
5.367999999999999972e+01,1.370223427170006759e-02
5.371999999999999886e+01,8.082207771923555564e-03
5.375999999999999801e+01,1.929539321434670107e-02
5.379999999999999716e+01,1.989071063939459177e-02
5.384000000000000341e+01,1.478863913209694375e-02
5.388000000000000256e+01,1.667883194818848419e-02
5.392000000000000171e+01,1.364855746950449818e-02
5.396000000000000085e+01,1.761055153470936219e-02
5.400000000000000000e+01,1.380338532971297875e-02
5.403999999999999915e+01,1.750643683381859772e-02
5.407999999999999829e+01,9.555745202870042851e-03
5.411999999999999744e+01,9.892192918593598061e-03
5.415999999999999659e+01,1.825680961888210760e-02
5.420000000000000284e+01,1.911124907257516145e-02
5.424000000000000199e+01,1.530421058584780294e-02
5.428000000000000114e+01,1.719459516322316764e-02
5.432000000000000028e+01,1.753117568895964581e-02
5.435999999999999943e+01,1.709087169037759590e-02
5.439999999999999858e+01,1.302498808180147308e-02
5.443999999999999773e+01,2.035393037017763432e-02
5.447999999999999687e+01,1.602915062599737442e-02
5.452000000000000313e+01,2.309920099926902892e-02
5.456000000000000227e+01,1.955142344991109976e-02
5.460000000000000142e+01,1.755752628894476780e-02
5.464000000000000057e+01,1.737648409897670637e-02
5.467999999999999972e+01,1.641857426668817677e-02
5.471999999999999886e+01,2.064016576653631557e-02
5.475999999999999801e+01,1.113627022672178217e-02
5.479999999999999716e+01,1.665283418910319668e-02
5.484000000000000341e+01,2.268740131194751930e-02
5.488000000000000256e+01,1.939901975594475816e-02
5.492000000000000171e+01,2.051323266625690658e-02
5.496000000000000085e+01,1.981470281656977708e-02
5.500000000000000000e+01,1.315987275942369882e-02
5.503999999999999915e+01,1.660503789119242499e-02
5.507999999999999829e+01,1.668363175957008476e-02
5.511999999999999744e+01,1.676229861544538749e-02
5.515999999999999659e+01,1.710001304142498915e-02
5.520000000000000284e+01,1.821472209247226512e-02
5.524000000000000199e+01,1.596286832112762608e-02
5.528000000000000114e+01,1.707773811891865820e-02
5.532000000000000028e+01,1.275426953596258024e-02
5.535999999999999943e+01,1.257444615971218399e-02
5.539999999999999858e+01,2.042285718576981185e-02
5.543999999999999773e+01,1.635862435290883626e-02
5.547999999999999687e+01,1.333037338922076279e-02
5.552000000000000313e+01,1.677652832444902209e-02
5.556000000000000227e+01,1.607921990221311548e-02
5.560000000000000142e+01,2.237426654410668361e-02
5.564000000000000057e+01,1.701565235068732210e-02
5.567999999999999972e+01,1.605967271832874771e-02
5.571999999999999886e+01,1.613968761664170970e-02
5.575999999999999801e+01,1.855056151766026895e-02
5.579999999999999716e+01,1.655901225035640717e-02
5.584000000000000341e+01,1.871113351275558584e-02
5.588000000000000256e+01,1.775569818911604952e-02
5.592000000000000171e+01,1.524654322382861318e-02
5.596000000000000085e+01,1.377339545071152270e-02
5.600000000000000000e+01,2.240029351250370782e-02
5.603999999999999915e+01,1.238129508784606599e-02
5.607999999999999829e+01,1.116748435681323010e-02
5.611999999999999744e+01,2.134858815322316847e-02
5.615999999999999659e+01,2.039400349228091477e-02
5.620000000000000284e+01,1.529598923787089601e-02
5.624000000000000199e+01,1.900317111808460732e-02
5.628000000000000114e+01,1.261056076112280350e-02
5.632000000000000028e+01,1.761287548285274396e-02
5.635999999999999943e+01,1.665896174561614165e-02
5.639999999999999858e+01,1.441032616208573654e-02
5.643999999999999773e+01,2.044895231971432734e-02
5.647999999999999687e+01,1.664676926377318261e-02
5.652000000000000313e+01,1.413959541585592741e-02
5.656000000000000227e+01,1.836585480570597853e-02
5.660000000000000142e+01,2.026151301108386135e-02
5.664000000000000057e+01,1.775479236338457084e-02
5.667999999999999972e+01,1.706103430942202542e-02
5.671999999999999886e+01,1.973407579358695679e-02
5.675999999999999801e+01,2.137138689606307013e-02
5.679999999999999716e+01,2.016016242060207284e-02
5.684000000000000341e+01,1.843115672866536131e-02
5.688000000000000256e+01,1.333567473457757981e-02
5.692000000000000171e+01,1.911720452821442928e-02
5.696000000000000085e+01,1.454000548656509025e-02
5.700000000000000000e+01,1.928598761899900579e-02
5.703999999999999915e+01,1.703988727728512551e-02
5.707999999999999829e+01,1.790163299358988810e-02
5.711999999999999744e+01,1.902252968223790836e-02
5.715999999999999659e+01,1.936668956405163122e-02
5.720000000000000284e+01,1.660336249806918310e-02
5.724000000000000199e+01,1.746583487581820568e-02
5.728000000000000114e+01,1.858746666690957658e-02
5.732000000000000028e+01,1.737853525802463342e-02
5.735999999999999943e+01,2.083129951304782401e-02
5.739999999999999858e+01,2.169453231623750047e-02
5.743999999999999773e+01,2.074515319491386164e-02
5.747999999999999687e+01,2.083186145525192656e-02
5.752000000000000313e+01,1.858801706686267693e-02
5.756000000000000227e+01,1.971101653184616220e-02
5.760000000000000142e+01,2.497777937752274080e-02
5.764000000000000057e+01,1.884995937273196628e-02
5.767999999999999972e+01,2.230432888862745114e-02
5.771999999999999886e+01,1.332822988512770077e-02
5.775999999999999801e+01,1.937274654230732376e-02
5.779999999999999716e+01,1.635344104123024472e-02
5.784000000000000341e+01,1.903174641648590348e-02
5.788000000000000256e+01,2.326410522061468297e-02
5.792000000000000171e+01,1.817367572487928878e-02
5.796000000000000085e+01,2.214750557686477953e-02
5.800000000000000000e+01,1.809341371126980264e-02
5.803999999999999915e+01,2.051386069032694673e-02
5.807999999999999829e+01,1.879097725765574087e-02
5.811999999999999744e+01,2.095291216656784694e-02
5.815999999999999659e+01,1.767665852246688013e-02
5.820000000000000284e+01,2.216981452580142967e-02
5.824000000000000199e+01,2.096581372426555706e-02
5.828000000000000114e+01,1.976205261995958237e-02
5.832000000000000028e+01,1.933545074020381546e-02
5.835999999999999943e+01,2.279367986352996700e-02
5.839999999999999858e+01,2.236756792948275258e-02
5.843999999999999773e+01,2.712115358080124244e-02
5.847999999999999687e+01,2.306992542046606282e-02
5.852000000000000313e+01,2.160867434242772986e-02
5.856000000000000227e+01,2.765787943171596486e-02
5.860000000000000142e+01,2.930480907016612749e-02
5.864000000000000057e+01,3.302377717694874454e-02
5.867999999999999972e+01,3.518917124931795343e-02
5.871999999999999886e+01,8.138014853232693191e-02
5.875999999999999801e+01,1.842863622817103586e-01
5.879999999999999716e+01,2.408367706096968819e-01
5.884000000000000341e+01,1.394142400407394622e-01
5.888000000000000256e+01,8.875058540469865642e-02
5.892000000000000171e+01,1.139661386304373497e-01
5.896000000000000085e+01,1.386640224829384649e-01
5.900000000000000000e+01,8.359866253125954050e-02
5.903999999999999915e+01,4.200015093411171158e-02
5.907999999999999829e+01,2.578122353015928001e-02
5.911999999999999744e+01,2.484195600773547036e-02
5.915999999999999659e+01,2.778756169338906373e-02
5.920000000000000284e+01,2.400017133073960654e-02
5.924000000000000199e+01,2.254382356252618291e-02
5.928000000000000114e+01,2.600824522256684271e-02
5.932000000000000028e+01,2.481145694390846784e-02
5.935999999999999943e+01,2.775852489693327735e-02
5.939999999999999858e+01,2.552644218704496273e-02
5.943999999999999773e+01,2.044596317570473304e-02
5.947999999999999687e+01,2.235804392272221913e-02
5.952000000000000313e+01,1.909098033757591906e-02
5.956000000000000227e+01,1.478833408822489634e-02
5.960000000000000142e+01,2.395256573690183327e-02
5.964000000000000057e+01,2.042745768581603547e-02
5.967999999999999972e+01,2.777950702968930846e-02
5.971999999999999886e+01,3.176522989914547235e-02
5.975999999999999801e+01,2.720517895729756067e-02
5.979999999999999716e+01,2.083264059567317000e-02
5.984000000000000341e+01,2.145268098465440837e-02
5.988000000000000256e+01,2.621660503856603625e-02
5.992000000000000171e+01,3.460646992294393737e-02
5.996000000000000085e+01,1.994811309528369409e-02
