5.0400,0.067
5.0800,0.095
5.1200,0.129
5.1600,0.361
5.2000,0.284
5.2400,0.306
5.2800,0.174
5.3200,0.060
5.3600,0.264
5.4000,0.126
5.4400,0.111
5.4800,0.209
5.5200,0.256
5.5600,0.263
5.6000,-0.006
5.6400,-0.085
5.6800,-0.069
5.7200,-0.124
5.7600,0.071
5.8000,0.014
5.8400,-0.067
5.8800,-0.022
5.9200,-0.260
5.9600,-0.012
6.0000,-0.030
6.0400,-0.097
6.0800,0.219
6.1200,-0.227
6.1600,-0.086
6.2000,-0.008
6.2400,-0.026
6.2800,-0.053
6.3200,-0.033
6.3600,-0.135
6.4000,-0.004
6.4400,0.089
6.4800,-0.248
6.5200,-0.050
6.5600,-0.034
6.6000,0.078
6.6400,-0.043
6.6800,-0.098
6.7200,0.119
6.7600,-0.019
6.8000,0.045
6.8400,0.062
6.8800,0.156
6.9200,-0.091
6.9600,0.124
7.0000,-0.128
7.0400,-0.039
7.0800,0.017
7.1200,0.160
7.1600,-0.055
7.2000,-0.126
7.2400,0.043
7.2800,-0.024
7.3200,0.032
7.3600,0.099
7.4000,-0.120
7.4400,-0.051
7.4800,-0.026
7.5200,0.065
7.5600,-0.017
7.6000,-0.098
7.6400,0.013
7.6800,-0.017
7.7200,0.128
7.7600,0.071
7.8000,-0.002
7.8400,0.032
7.8800,0.000
7.9200,-0.034
7.9600,-0.034
8.0000,-0.106
8.0400,0.056
8.0800,-0.082
8.1200,0.012
8.1600,-0.067
8.2000,-0.039
8.2400,-0.041
8.2800,-0.015
8.3200,-0.026
8.3600,-0.172
8.4000,0.026
8.4400,-0.052
8.4800,0.048
8.5200,-0.088
8.5600,0.011
8.6000,-0.031
8.6400,-0.036
8.6800,-0.144
8.7200,0.033
8.7600,0.003
8.8000,0.027
8.8400,-0.166
8.8800,0.017
8.9200,0.242
8.9600,0.064
9.0000,0.010
9.0400,0.057
9.0800,-0.036
9.1200,-0.101
9.1600,0.036
9.2000,0.037
9.2400,0.005
9.2800,0.003
9.3200,-0.152
9.3600,0.045
9.4000,-0.008
9.4400,0.081
9.4800,0.006
9.5200,-0.036
9.5600,0.122
9.6000,-0.004
9.6400,-0.105
9.6800,0.040
9.7200,-0.208
9.7600,0.052
9.8000,0.024
9.8400,0.064
9.8800,0.151
9.9200,-0.005
9.9600,0.136
10.0000,-0.038
10.0400,-0.030
10.0800,-0.044
10.1200,0.019
10.1600,-0.002
10.2000,-0.112
10.2400,0.064
10.2800,0.029
10.3200,-0.222
10.3600,-0.010
10.4000,0.079
10.4400,0.093
10.4800,-0.171
10.5200,-0.104
10.5600,0.206
10.6000,0.156
10.6400,0.015
10.6800,-0.036
10.7200,0.007
10.7600,0.107
10.8000,-0.045
10.8400,-0.144
10.8800,0.059
10.9200,0.147
10.9600,0.098
11.0000,0.088
11.0400,0.198
11.0800,0.065
11.1200,0.061
11.1600,0.007
11.2000,0.137
11.2400,0.027
11.2800,0.044
11.3200,0.035
11.3600,0.122
11.4000,0.029
11.4400,-0.092
11.4800,-0.092
11.5200,-0.053
11.5600,0.069
11.6000,0.098
11.6400,0.120
11.6800,-0.126
11.7200,-0.092
11.7600,-0.023
11.8000,0.109
11.8400,0.093
11.8800,-0.003
11.9200,0.152
11.9600,0.057
12.0000,0.003
12.0400,0.154
12.0800,0.183
12.1200,0.143
12.1600,-0.099
12.2000,-0.091
12.2400,-0.037
12.2800,0.150
12.3200,-0.085
12.3600,-0.008
12.4000,-0.023
12.4400,0.072
12.4800,-0.014
12.5200,0.058
12.5600,0.105
12.6000,0.083
12.6400,0.105
12.6800,-0.043
12.7200,0.060
12.7600,0.015
12.8000,-0.004
12.8400,-0.096
12.8800,0.001
12.9200,0.065
12.9600,-0.023
13.0000,0.020
13.0400,0.187
13.0800,-0.127
13.1200,0.038
13.1600,-0.066
13.2000,-0.090
13.2400,-0.016
13.2800,0.053
13.3200,-0.060
13.3600,0.076
13.4000,0.143
13.4400,-0.153
13.4800,0.048
13.5200,-0.031
13.5600,-0.035
13.6000,0.156
13.6400,0.111
13.6800,-0.129
13.7200,0.040
13.7600,-0.120
13.8000,-0.044
13.8400,-0.087
13.8800,-0.155
13.9200,0.140
13.9600,-0.118
14.0000,-0.085
14.0400,0.007
14.0800,0.039
14.1200,-0.045
14.1600,0.052
14.2000,0.080
14.2400,-0.105
14.2800,0.071
14.3200,0.008
14.3600,-0.098
14.4000,-0.008
14.4400,-0.084
14.4800,-0.089
14.5200,-0.007
14.5600,-0.075
14.6000,-0.089
14.6400,-0.088
14.6800,-0.067
14.7200,0.013
14.7600,-0.057
14.8000,-0.006
14.8400,0.036
14.8800,-0.027
14.9200,0.017
14.9600,0.080
15.0000,-0.056
15.0400,0.017
15.0800,0.041
15.1200,-0.029
15.1600,-0.103
15.2000,0.029
15.2400,-0.019
15.2800,0.075
15.3200,-0.023
15.3600,0.039
15.4000,0.012
15.4400,0.044
15.4800,0.084
15.5200,0.112
15.5600,0.010
15.6000,-0.098
15.6400,-0.010
15.6800,-0.067
15.7200,0.047
15.7600,0.067
15.8000,-0.157
15.8400,0.026
15.8800,-0.021
15.9200,0.064
15.9600,0.008
16.0000,-0.062
16.0400,0.030
16.0800,-0.033
16.1200,0.131
16.1600,0.168
16.2000,0.224
16.2400,0.046
16.2800,-0.052
16.3200,0.031
16.3600,-0.153
16.4000,-0.038
16.4400,0.043
16.4800,-0.015
16.5200,0.006
16.5600,0.019
16.6000,0.053
16.6400,0.137
16.6800,-0.028
16.7200,0.023
16.7600,-0.016
16.8000,0.097
16.8400,-0.032
16.8800,-0.001
16.9200,0.283
16.9600,-0.002
17.0000,0.015
17.0400,0.027
17.0800,0.068
17.1200,-0.034
17.1600,-0.043
17.2000,-0.057
17.2400,-0.009
17.2800,-0.008
17.3200,-0.085
17.3600,-0.083
17.4000,0.159
17.4400,0.089
17.4800,0.061
17.5200,0.049
17.5600,0.082
17.6000,0.075
17.6400,-0.077
17.6800,0.088
17.7200,0.113
17.7600,0.055
17.8000,0.167
17.8400,-0.003
17.8800,-0.046
17.9200,-0.005
17.9600,-0.014
18.0000,0.041
18.0400,0.114
18.0800,0.193
18.1200,0.017
18.1600,0.049
18.2000,0.098
18.2400,0.135
18.2800,0.108
18.3200,-0.025
18.3600,-0.084
18.4000,-0.016
18.4400,-0.017
18.4800,-0.154
18.5200,0.013
18.5600,0.056
18.6000,0.090
18.6400,-0.155
18.6800,0.035
18.7200,0.130
18.7600,-0.032
18.8000,0.048
18.8400,0.031
18.8800,0.000
18.9200,0.035
18.9600,-0.130
19.0000,0.121
19.0400,0.009
19.0800,-0.029
19.1200,-0.053
19.1600,0.044
19.2000,0.057
19.2400,0.063
19.2800,0.048
19.3200,-0.091
19.3600,0.069
19.4000,0.098
19.4400,-0.002
19.4800,-0.030
19.5200,-0.057
19.5600,-0.003
19.6000,0.066
19.6400,-0.003
19.6800,0.025
19.7200,-0.038
19.7600,0.009
19.8000,-0.079
19.8400,0.020
19.8800,0.063
19.9200,0.000
19.9600,0.095
20.0000,0.080
20.0400,0.120
20.0800,0.027
20.1200,-0.037
20.1600,-0.128
20.2000,0.026
20.2400,-0.053
20.2800,-0.043
20.3200,0.031
20.3600,-0.010
20.4000,0.023
20.4400,-0.053
20.4800,0.048
20.5200,0.014
20.5600,0.094
20.6000,-0.031
20.6400,-0.081
20.6800,0.020
20.7200,-0.070
20.7600,0.025
20.8000,0.035
20.8400,0.031
20.8800,0.069
20.9200,-0.056
20.9600,0.039
21.0000,0.077
21.0400,-0.032
21.0800,-0.055
21.1200,-0.049
21.1600,-0.016
21.2000,0.190
21.2400,-0.064
21.2800,0.022
21.3200,0.012
21.3600,-0.176
21.4000,0.045
21.4400,-0.030
21.4800,0.292
21.5200,0.074
21.5600,0.043
21.6000,-0.124
21.6400,-0.049
21.6800,0.034
21.7200,0.076
21.7600,-0.022
21.8000,-0.143
21.8400,0.058
21.8800,-0.143
21.9200,-0.022
21.9600,0.078
22.0000,0.006
22.0400,0.091
22.0800,-0.074
22.1200,-0.031
22.1600,-0.138
22.2000,0.032
22.2400,0.072
22.2800,0.149
22.3200,-0.066
22.3600,-0.029
22.4000,0.006
22.4400,0.055
22.4800,-0.027
22.5200,0.049
22.5600,-0.145
22.6000,0.132
22.6400,-0.023
22.6800,0.011
22.7200,-0.037
22.7600,0.054
22.8000,-0.069
22.8400,0.057
22.8800,0.028
22.9200,-0.043
22.9600,-0.033
23.0000,0.014
23.0400,0.040
23.0800,0.059
23.1200,-0.006
23.1600,-0.077
23.2000,-0.005
23.2400,-0.077
23.2800,0.074
23.3200,-0.017
23.3600,0.158
23.4000,0.088
23.4400,0.093
23.4800,-0.112
23.5200,-0.076
23.5600,-0.039
23.6000,0.044
23.6400,0.022
23.6800,-0.008
23.7200,-0.107
23.7600,0.008
23.8000,0.071
23.8400,0.022
23.8800,0.096
23.9200,-0.022
23.9600,-0.086
24.0000,0.102
24.0400,0.061
24.0800,0.102
24.1200,-0.039
24.1600,0.038
24.2000,0.104
24.2400,-0.123
24.2800,-0.074
24.3200,-0.076
24.3600,-0.025
24.4000,0.124
24.4400,-0.015
24.4800,0.153
24.5200,0.000
24.5600,-0.037
24.6000,0.115
24.6400,-0.036
24.6800,0.034
24.7200,0.060
24.7600,-0.001
24.8000,0.049
24.8400,0.005
24.8800,-0.017
24.9200,-0.121
24.9600,0.011
25.0000,-0.059
25.0400,0.102
25.0800,-0.040
25.1200,0.076
25.1600,-0.002
25.2000,-0.088
25.2400,0.005
25.2800,-0.027
25.3200,0.095
25.3600,-0.044
25.4000,-0.029
25.4400,-0.018
25.4800,-0.046
25.5200,-0.005
25.5600,-0.036
25.6000,0.100
25.6400,0.134
25.6800,-0.077
25.7200,0.029
25.7600,-0.144
25.8000,0.069
25.8400,-0.012
25.8800,-0.065
25.9200,-0.112
25.9600,0.064
26.0000,0.054
26.0400,-0.053
26.0800,-0.054
26.1200,-0.061
26.1600,-0.028
26.2000,0.048
26.2400,-0.192
26.2800,0.121
26.3200,0.039
26.3600,-0.057
26.4000,-0.016
26.4400,-0.062
26.4800,0.027
26.5200,-0.090
26.5600,-0.031
26.6000,-0.071
26.6400,0.039
26.6800,0.034
26.7200,-0.050
26.7600,0.025
26.8000,0.042
26.8400,0.067
26.8800,-0.098
26.9200,0.028
26.9600,0.009
27.0000,0.011
27.0400,0.079
27.0800,0.046
27.1200,0.020
27.1600,0.013
27.2000,0.011
27.2400,0.100
27.2800,0.080
27.3200,0.093
27.3600,-0.030
27.4000,-0.068
27.4400,-0.040
27.4800,0.064
27.5200,-0.049
27.5600,0.003
27.6000,-0.182
27.6400,0.103
27.6800,-0.017
27.7200,0.066
27.7600,-0.057
27.8000,-0.070
27.8400,0.018
27.8800,0.020
27.9200,0.042
27.9600,0.048
28.0000,0.093
28.0400,0.039
28.0800,-0.006
28.1200,0.054
28.1600,0.116
28.2000,-0.073
28.2400,0.016
28.2800,0.125
28.3200,-0.013
28.3600,0.079
28.4000,-0.079
28.4400,-0.072
28.4800,0.078
28.5200,0.025
28.5600,-0.045
28.6000,0.104
28.6400,0.023
28.6800,0.032
28.7200,0.034
28.7600,0.043
28.8000,0.006
28.8400,0.118
28.8800,-0.009
28.9200,0.043
28.9600,0.045
29.0000,0.045
29.0400,0.070
29.0800,0.027
29.1200,0.126
29.1600,0.049
29.2000,0.004
29.2400,-0.069
29.2800,-0.019
29.3200,0.014
29.3600,-0.098
29.4000,0.054
29.4400,0.063
29.4800,0.007
29.5200,-0.018
29.5600,-0.069
29.6000,-0.064
29.6400,-0.056
29.6800,0.028
29.7200,0.100
29.7600,0.073
29.8000,-0.004
29.8400,-0.087
29.8800,0.005
29.9200,0.042
29.9600,-0.068
30.0000,0.017
30.0400,0.091
30.0800,-0.110
30.1200,0.014
30.1600,-0.061
30.2000,0.041
30.2400,-0.019
30.2800,0.124
30.3200,0.059
30.3600,0.078
30.4000,-0.004
30.4400,-0.011
30.4800,-0.053
30.5200,0.007
30.5600,0.196
30.6000,-0.042
30.6400,-0.042
30.6800,0.084
30.7200,0.042
30.7600,-0.074
30.8000,-0.045
30.8400,0.070
30.8800,0.186
30.9200,0.129
30.9600,-0.001
31.0000,0.001
31.0400,0.048
31.0800,0.011
31.1200,0.062
31.1600,-0.009
31.2000,-0.020
31.2400,0.030
31.2800,-0.019
31.3200,-0.125
31.3600,0.051
31.4000,0.154
31.4400,0.199
31.4800,0.060
31.5200,0.013
31.5600,0.006
31.6000,-0.055
31.6400,-0.065
31.6800,-0.097
31.7200,0.086
31.7600,-0.082
31.8000,-0.004
31.8400,-0.065
31.8800,0.090
31.9200,0.050
31.9600,0.019
32.0000,-0.112
32.0400,0.028
32.0800,0.014
32.1200,0.016
32.1600,0.048
32.2000,0.062
32.2400,0.158
32.2800,0.018
32.3200,-0.225
32.3600,0.070
32.4000,0.059
32.4400,-0.108
32.4800,0.021
32.5200,0.093
32.5600,0.025
32.6000,0.068
32.6400,-0.020
32.6800,-0.154
32.7200,0.021
32.7600,0.075
32.8000,-0.076
32.8400,0.016
32.8800,-0.021
32.9200,-0.039
32.9600,0.094
33.0000,-0.029
33.0400,-0.136
33.0800,0.029
33.1200,0.034
33.1600,0.003
33.2000,-0.126
33.2400,0.010
33.2800,0.040
33.3200,-0.059
33.3600,-0.070
33.4000,0.152
33.4400,-0.015
33.4800,0.122
33.5200,-0.108
33.5600,0.054
33.6000,0.098
33.6400,-0.040
33.6800,0.010
33.7200,0.061
33.7600,0.027
33.8000,0.000
33.8400,0.049
33.8800,0.059
33.9200,-0.044
33.9600,0.098
34.0000,0.059
34.0400,-0.022
34.0800,-0.081
34.1200,0.010
34.1600,0.130
34.2000,-0.018
34.2400,-0.014
34.2800,0.035
34.3200,-0.059
34.3600,0.021
34.4000,0.126
34.4400,0.091
34.4800,-0.117
34.5200,0.084
34.5600,-0.037
34.6000,-0.037
34.6400,-0.047
34.6800,-0.032
34.7200,0.018
34.7600,-0.021
34.8000,-0.033
34.8400,-0.010
34.8800,-0.060
34.9200,-0.060
34.9600,-0.017
35.0000,-0.118
35.0400,0.049
35.0800,0.043
35.1200,-0.058
35.1600,-0.086
35.2000,0.057
35.2400,-0.070
35.2800,-0.007
35.3200,0.004
35.3600,0.033
35.4000,-0.077
35.4400,-0.034
35.4800,-0.098
35.5200,0.073
35.5600,0.068
35.6000,0.030
35.6400,0.089
35.6800,0.028
35.7200,0.073
35.7600,-0.004
35.8000,0.055
35.8400,-0.019
35.8800,0.032
35.9200,-0.023
35.9600,0.030
36.0000,-0.011
36.0400,-0.067
36.0800,0.004
36.1200,0.082
36.1600,0.110
36.2000,0.053
36.2400,0.154
36.2800,-0.040
36.3200,0.060
36.3600,-0.009
36.4000,-0.005
36.4400,0.039
36.4800,0.053
36.5200,0.013
36.5600,-0.065
36.6000,-0.042
36.6400,-0.065
36.6800,0.059
36.7200,-0.123
36.7600,0.020
36.8000,-0.117
36.8400,0.004
36.8800,-0.032
36.9200,-0.029
36.9600,0.025
37.0000,0.036
37.0400,-0.089
37.0800,0.010
37.1200,-0.056
37.1600,-0.067
37.2000,0.014
37.2400,0.015
37.2800,0.181
37.3200,0.130
37.3600,0.321
37.4000,0.219
37.4400,0.238
37.4800,0.308
37.5200,0.429
37.5600,0.476
37.6000,0.623
37.6400,0.883
37.6800,0.929
37.7200,1.113
37.7600,1.451
37.8000,1.986
37.8400,2.135
37.8800,2.810
37.9200,3.716
37.9600,5.064
38.0000,7.062
38.0400,9.677
38.0800,14.047
38.1200,20.136
38.1600,27.729
38.2000,32.174
38.2400,32.338
38.2800,28.625
38.3200,23.920
38.3600,17.429
38.4000,13.042
38.4400,9.077
38.4800,6.376
38.5200,4.682
38.5600,3.553
38.6000,2.876
38.6400,2.451
38.6800,1.721
38.7200,1.501
38.7600,1.369
38.8000,1.107
38.8400,0.884
38.8800,0.756
38.9200,0.685
38.9600,0.587
39.0000,0.473
39.0400,0.594
39.0800,0.418
39.1200,0.292
39.1600,0.324
39.2000,0.275
39.2400,0.108
39.2800,0.116
39.3200,0.118
39.3600,0.109
39.4000,0.132
39.4400,0.068
39.4800,0.145
39.5200,0.114
39.5600,0.127
39.6000,0.054
39.6400,0.041
39.6800,-0.063
39.7200,-0.049
39.7600,0.093
39.8000,0.102
39.8400,0.050
39.8800,-0.049
39.9200,-0.013
39.9600,-0.026
40.0000,-0.068
40.0400,0.035
40.0800,-0.021
40.1200,-0.001
40.1600,-0.060
40.2000,0.003
40.2400,-0.010
40.2800,0.018
40.3200,-0.105
40.3600,0.033
40.4000,0.021
40.4400,-0.068
40.4800,-0.021
40.5200,0.004
40.5600,-0.009
40.6000,0.109
40.6400,0.203
40.6800,0.047
40.7200,0.181
40.7600,0.061
40.8000,0.064
40.8400,0.166
40.8800,-0.064
40.9200,-0.035
40.9600,-0.061
41.0000,0.027
41.0400,0.037
41.0800,0.038
41.1200,0.110
41.1600,0.129
41.2000,0.033
41.2400,-0.008
41.2800,-0.017
41.3200,-0.008
41.3600,0.008
41.4000,0.101
41.4400,0.027
41.4800,-0.034
41.5200,0.000
41.5600,0.032
41.6000,-0.021
41.6400,-0.009
41.6800,-0.018
41.7200,-0.056
41.7600,-0.021
41.8000,0.056
41.8400,0.064
41.8800,0.068
41.9200,0.080
41.9600,-0.026
42.0000,-0.087
42.0400,0.029
42.0800,0.022
42.1200,0.023
42.1600,-0.079
42.2000,-0.024
42.2400,0.017
42.2800,-0.052
42.3200,0.034
42.3600,-0.098
42.4000,0.021
42.4400,-0.017
42.4800,0.076
42.5200,-0.006
42.5600,0.006
42.6000,-0.044
42.6400,-0.057
42.6800,0.039
42.7200,-0.070
42.7600,0.017
42.8000,0.017
42.8400,0.002
42.8800,-0.078
42.9200,0.009
42.9600,-0.142
43.0000,-0.010
43.0400,0.038
43.0800,-0.069
43.1200,0.043
43.1600,-0.038
43.2000,-0.058
43.2400,0.019
43.2800,0.025
43.3200,0.059
43.3600,0.038
43.4000,-0.068
43.4400,0.107
43.4800,0.053
43.5200,0.082
43.5600,0.137
43.6000,0.195
43.6400,0.111
43.6800,0.356
43.7200,0.364
43.7600,0.328
43.8000,0.429
43.8400,0.541
43.8800,0.493
43.9200,0.614
43.9600,0.837
44.0000,0.989
44.0400,1.092
44.0800,1.358
44.1200,1.662
44.1600,1.972
44.2000,2.605
44.2400,3.308
44.2800,3.879
44.3200,4.852
44.3600,5.563
44.4000,6.277
44.4400,6.494
44.4800,6.298
44.5200,5.894
44.5600,5.192
44.6000,4.244
44.6400,3.491
44.6800,2.813
44.7200,2.210
44.7600,1.747
44.8000,1.498
44.8400,1.189
44.8800,1.051
44.9200,0.768
44.9600,0.579
45.0000,0.449
45.0400,0.353
45.0800,0.246
45.1200,0.245
45.1600,0.242
45.2000,0.244
45.2400,0.061
45.2800,0.105
45.3200,0.148
45.3600,0.104
45.4000,0.039
45.4400,0.068
45.4800,0.041
45.5200,0.046
45.5600,-0.023
45.6000,0.046
45.6400,0.077
45.6800,0.035
45.7200,-0.014
45.7600,0.030
45.8000,0.000
45.8400,-0.058
45.8800,-0.002
45.9200,-0.039
45.9600,-0.014
46.0000,-0.034
46.0400,0.031
46.0800,-0.025
46.1200,-0.022
46.1600,-0.001
46.2000,-0.059
46.2400,0.000
46.2800,0.025
46.3200,0.060
46.3600,0.050
46.4000,0.095
46.4400,0.116
46.4800,0.075
46.5200,0.074
46.5600,-0.014
46.6000,-0.049
46.6400,-0.010
46.6800,0.076
46.7200,0.021
46.7600,0.069
46.8000,0.062
46.8400,-0.008
46.8800,0.130
46.9200,0.084
46.9600,-0.032
47.0000,0.040
47.0400,-0.030
47.0800,-0.082
47.1200,0.032
47.1600,0.036
47.2000,0.038
47.2400,-0.010
47.2800,-0.040
47.3200,0.035
47.3600,0.025
47.4000,-0.042
47.4400,-0.049
47.4800,-0.025
47.5200,0.001
47.5600,-0.040
47.6000,-0.044
47.6400,-0.046
47.6800,0.062
47.7200,-0.006
47.7600,0.016
47.8000,0.027
47.8400,-0.001
47.8800,-0.048
47.9200,-0.006
47.9600,0.076
48.0000,0.036
48.0400,-0.026
48.0800,-0.012
48.1200,0.045
48.1600,0.019
48.2000,-0.086
48.2400,-0.020
48.2800,-0.008
48.3200,-0.091
48.3600,0.053
48.4000,0.073
48.4400,-0.021
48.4800,-0.007
48.5200,-0.052
48.5600,0.004
48.6000,-0.047
48.6400,-0.003
48.6800,0.025
48.7200,0.010
48.7600,0.023
48.8000,-0.036
48.8400,-0.011
48.8800,0.025
48.9200,0.089
48.9600,0.007
49.0000,-0.013
49.0400,-0.047
49.0800,0.006
49.1200,0.022
49.1600,-0.001
49.2000,0.096
49.2400,0.055
49.2800,-0.012
49.3200,0.085
49.3600,-0.091
49.4000,0.050
49.4400,0.030
49.4800,0.044
49.5200,-0.016
49.5600,-0.050
49.6000,0.047
49.6400,-0.014
49.6800,0.004
49.7200,-0.029
49.7600,-0.046
49.8000,-0.022
49.8400,0.054
49.8800,-0.017
49.9200,-0.003
49.9600,-0.037
50.0000,0.037
50.0400,0.019
50.0800,0.036
50.1200,0.065
50.1600,-0.014
50.2000,0.074
50.2400,-0.040
50.2800,0.020
50.3200,0.058
50.3600,0.018
50.4000,-0.046
50.4400,-0.016
50.4800,0.000
50.5200,-0.051
50.5600,0.038
50.6000,0.000
50.6400,0.130
50.6800,-0.021
50.7200,0.016
50.7600,-0.060
50.8000,-0.021
50.8400,0.037
50.8800,-0.099
50.9200,-0.005
50.9600,0.040
51.0000,-0.027
51.0400,0.027
51.0800,0.064
51.1200,0.018
51.1600,0.054
51.2000,0.037
51.2400,-0.021
51.2800,0.001
51.3200,-0.051
51.3600,0.016
51.4000,-0.016
51.4400,-0.012
51.4800,0.049
51.5200,-0.048
51.5600,0.049
51.6000,0.013
51.6400,0.068
51.6800,0.093
51.7200,0.067
51.7600,-0.009
51.8000,-0.063
51.8400,0.004
51.8800,0.005
51.9200,0.022
51.9600,0.029
52.0000,0.087
52.0400,-0.080
52.0800,-0.030
52.1200,-0.044
52.1600,-0.035
52.2000,-0.023
52.2400,0.059
52.2800,0.000
52.3200,0.044
52.3600,0.016
52.4000,0.080
52.4400,0.046
52.4800,-0.002
52.5200,-0.030
52.5600,0.026
52.6000,-0.045
52.6400,0.026
52.6800,0.016
52.7200,0.028
52.7600,0.054
52.8000,-0.065
52.8400,-0.028
52.8800,-0.044
52.9200,-0.042
52.9600,-0.002
53.0000,-0.025
53.0400,-0.035
53.0800,0.022
53.1200,0.049
53.1600,0.018
53.2000,0.040
53.2400,-0.041
53.2800,0.080
53.3200,-0.028
53.3600,-0.020
53.4000,0.016
53.4400,-0.043
53.4800,-0.044
53.5200,0.023
53.5600,-0.063
53.6000,-0.009
53.6400,-0.053
53.6800,0.025
53.7200,0.014
53.7600,0.040
53.8000,-0.027
53.8400,0.040
53.8800,-0.010
53.9200,-0.092
53.9600,0.011
54.0000,-0.039
54.0400,-0.029
54.0800,-0.020
54.1200,0.047
54.1600,-0.093
54.2000,-0.043
54.2400,0.040
54.2800,-0.005
54.3200,-0.012
54.3600,0.023
54.4000,-0.033
54.4400,-0.012
54.4800,-0.021
54.5200,0.021
54.5600,-0.001
54.6000,-0.010
54.6400,-0.007
54.6800,0.011
54.7200,-0.020
54.7600,-0.003
54.8000,-0.016
54.8400,-0.021
54.8800,0.003
54.9200,-0.058
54.9600,-0.007
55.0000,-0.042
55.0400,-0.042
55.0800,0.021
55.1200,-0.014
55.1600,-0.033
55.2000,-0.021
55.2400,-0.060
55.2800,0.032
55.3200,0.034
55.3600,0.024
55.4000,-0.042
55.4400,-0.040
55.4800,-0.008
55.5200,-0.007
55.5600,-0.048
55.6000,0.045
55.6400,0.036
55.6800,0.035
55.7200,-0.067
55.7600,-0.033
55.8000,-0.014
55.8400,-0.012
55.8800,-0.042
55.9200,0.010
55.9600,-0.027
56.0000,0.068
56.0400,-0.008
56.0800,-0.029
56.1200,0.012
56.1600,-0.022
56.2000,-0.027
56.2400,-0.007
56.2800,-0.022
56.3200,-0.052
56.3600,0.038
56.4000,-0.017
56.4400,0.031
56.4800,0.049
56.5200,-0.034
56.5600,-0.028
56.6000,-0.044
56.6400,0.026
56.6800,0.067
56.7200,0.009
56.7600,0.009
56.8000,-0.031
56.8400,-0.022
56.8800,-0.041
56.9200,-0.011
56.9600,-0.049
57.0000,0.031
57.0400,-0.012
57.0800,-0.020
57.1200,0.060
57.1600,0.030
57.2000,-0.051
57.2400,0.019
57.2800,0.060
57.3200,-0.041
57.3600,0.028
57.4000,-0.014
57.4400,-0.021
57.4800,0.089
57.5200,0.112
57.5600,-0.048
57.6000,0.013
57.6400,-0.002
57.6800,-0.047
57.7200,0.000
57.7600,-0.041
57.8000,-0.013
57.8400,0.023
57.8800,-0.023
57.9200,0.049
57.9600,0.054
58.0000,0.021
58.0400,0.057
58.0800,0.048
58.1200,-0.027
58.1600,-0.024
58.2000,-0.032
58.2400,0.017
58.2800,-0.038
58.3200,-0.077
58.3600,0.039
58.4000,-0.013
58.4400,0.003
58.4800,0.028
58.5200,0.041
58.5600,0.013
58.6000,0.011
58.6400,0.004
58.6800,-0.067
58.7200,0.091
58.7600,-0.016
58.8000,-0.022
58.8400,-0.025
58.8800,0.006
58.9200,-0.032
58.9600,0.041
59.0000,0.025
59.0400,-0.052
59.0800,-0.028
59.1200,-0.003
59.1600,-0.054
59.2000,0.070
59.2400,-0.028
59.2800,-0.005
59.3200,0.003
59.3600,0.000
59.4000,0.022
59.4400,0.033
59.4800,0.012
59.5200,0.035
59.5600,-0.042
59.6000,-0.037
59.6400,0.040
59.6800,0.007
59.7200,-0.051
59.7600,-0.005
59.8000,0.038
59.8400,-0.040
59.8800,-0.016
59.9200,-0.044
59.9600,0.017
60.0000,0.014
60.0400,-0.059
60.0800,0.020
60.1200,-0.021
60.1600,0.055
60.2000,-0.077
60.2400,-0.025
60.2800,-0.015
60.3200,-0.041
60.3600,0.011
60.4000,0.024
60.4400,-0.119
60.4800,0.012
60.5200,-0.017
60.5600,0.035
60.6000,-0.013
60.6400,-0.017
60.6800,-0.025
60.7200,-0.033
60.7600,-0.025
60.8000,-0.028
60.8400,-0.034
60.8800,0.055
60.9200,0.050
60.9600,-0.037
61.0000,0.001
61.0400,-0.050
61.0800,0.029
61.1200,0.052
61.1600,-0.005
61.2000,0.014
61.2400,0.035
61.2800,-0.017
61.3200,-0.039
61.3600,-0.001
61.4000,0.045
61.4400,0.034
61.4800,-0.011
61.5200,0.093
61.5600,0.017
61.6000,0.112
61.6400,0.078
61.6800,0.095
61.7200,0.063
61.7600,0.004
61.8000,-0.024
61.8400,0.023
61.8800,-0.039
61.9200,-0.035
61.9600,-0.023
62.0000,0.029
62.0400,-0.018
62.0800,0.041
62.1200,-0.009
62.1600,0.050
62.2000,-0.027
62.2400,0.033
62.2800,0.015
62.3200,0.006
62.3600,-0.003
62.4000,-0.035
62.4400,0.020
62.4800,-0.005
62.5200,-0.042
62.5600,0.035
62.6000,-0.032
62.6400,-0.071
62.6800,0.031
62.7200,0.018
62.7600,0.015
62.8000,-0.040
62.8400,-0.037
62.8800,-0.006
62.9200,0.060
62.9600,-0.002
63.0000,0.010
63.0400,0.025
63.0800,0.054
63.1200,-0.044
63.1600,-0.040
63.2000,-0.024
63.2400,-0.044
63.2800,0.033
63.3200,-0.013
63.3600,0.054
63.4000,0.052
63.4400,-0.016
63.4800,-0.038
63.5200,0.035
63.5600,-0.053
63.6000,-0.034
63.6400,0.009
63.6800,0.034
63.7200,-0.022
63.7600,0.053
63.8000,0.044
63.8400,0.044
63.8800,0.007
63.9200,0.100
63.9600,0.066
64.0000,0.058
64.0400,0.190
64.0800,0.162
64.1200,0.205
64.1600,0.302
64.2000,0.289
64.2400,0.428
64.2800,0.542
64.3200,0.748
64.3600,0.896
64.4000,1.014
64.4400,1.527
64.4800,2.125
64.5200,2.575
64.5600,3.339
64.6000,3.617
64.6400,3.816
64.6800,3.684
64.7200,3.400
64.7600,3.040
64.8000,2.837
64.8400,2.431
64.8800,1.970
64.9200,1.656
64.9600,1.182
65.0000,0.830
65.0400,0.629
65.0800,0.547
65.1200,0.405
65.1600,0.381
65.2000,0.268
65.2400,0.257
65.2800,0.075
65.3200,0.091
65.3600,0.005
65.4000,0.088
65.4400,-0.007
65.4800,0.019
65.5200,-0.010
65.5600,0.014
65.6000,0.024
65.6400,-0.045
65.6800,-0.029
65.7200,0.019
65.7600,0.017
65.8000,-0.069
65.8400,-0.019
65.8800,-0.005
65.9200,-0.044
65.9600,-0.041
66.0000,0.061
66.0400,0.090
66.0800,-0.008
66.1200,-0.062
66.1600,0.005
66.2000,-0.068
66.2400,0.017
66.2800,0.034
66.3200,-0.051
66.3600,-0.035
66.4000,0.078
66.4400,0.058
66.4800,0.097
66.5200,0.106
66.5600,-0.028
66.6000,-0.058
66.6400,0.023
66.6800,0.048
66.7200,0.015
66.7600,0.036
66.8000,0.014
66.8400,0.047
66.8800,0.097
66.9200,0.067
66.9600,0.064
67.0000,-0.039
67.0400,-0.048
67.0800,0.008
67.1200,0.043
67.1600,-0.053
67.2000,-0.044
67.2400,0.042
67.2800,0.023
67.3200,0.040
67.3600,-0.095
67.4000,0.084
67.4400,-0.001
67.4800,-0.010
67.5200,0.037
67.5600,0.098
67.6000,0.107
67.6400,0.048
67.6800,0.074
67.7200,0.012
67.7600,0.111
67.8000,0.126
67.8400,0.178
67.8800,0.056
67.9200,0.225
67.9600,0.295
68.0000,0.197
68.0400,0.227
68.0800,0.185
68.1200,0.400
68.1600,0.413
68.2000,0.364
68.2400,0.433
68.2800,0.551
68.3200,0.458
68.3600,0.567
68.4000,0.633
68.4400,0.819
68.4800,0.834
68.5200,0.953
68.5600,0.945
68.6000,1.033
68.6400,1.376
68.6800,1.795
68.7200,2.635
68.7600,3.596
68.8000,4.533
68.8400,4.692
68.8800,5.021
68.9200,5.884
68.9600,8.445
69.0000,14.211
69.0400,31.086
69.0800,131.372
69.1200,364.022
69.1600,320.199
69.2000,101.115
69.2400,41.375
69.2800,84.077
69.3200,190.609
69.3600,157.836
69.4000,49.693
69.4400,15.547
69.4800,8.045
69.5200,5.231
69.5600,4.168
69.6000,3.209
69.6400,2.718
69.6800,2.252
69.7200,1.898
69.7600,1.764
69.8000,1.395
69.8400,1.323
69.8800,1.063
69.9200,1.041
69.9600,0.992
70.0000,0.877
70.0400,0.692
70.0800,0.570
70.1200,0.649
70.1600,0.515
70.2000,0.459
70.2400,0.369
70.2800,0.379
70.3200,0.343
70.3600,0.222
70.4000,0.212
70.4400,0.318
70.4800,0.163
70.5200,0.320
70.5600,0.209
70.6000,0.159
70.6400,0.116
70.6800,0.152
70.7200,0.079
70.7600,0.177
70.8000,0.051
70.8400,0.129
70.8800,0.107
70.9200,0.136
70.9600,0.011
71.0000,-0.017
71.0400,-0.016
71.0800,-0.025
71.1200,0.049
71.1600,-0.022
71.2000,0.040
71.2400,-0.047
71.2800,-0.069
71.3200,0.047
71.3600,0.024
71.4000,0.050
71.4400,0.028
71.4800,0.010
71.5200,0.008
71.5600,-0.006
71.6000,-0.044
71.6400,-0.010
71.6800,0.065
71.7200,-0.066
71.7600,-0.043
71.8000,0.047
71.8400,-0.010
71.8800,-0.026
71.9200,-0.003
71.9600,0.010
72.0000,0.058
72.0400,0.029
72.0800,0.001
72.1200,-0.040
72.1600,-0.035
72.2000,0.045
72.2400,-0.088
72.2800,-0.009
72.3200,-0.055
72.3600,0.011
72.4000,-0.008
72.4400,-0.028
72.4800,-0.008
72.5200,0.047
72.5600,-0.074
72.6000,-0.005
72.6400,0.042
72.6800,0.025
72.7200,-0.037
72.7600,-0.030
72.8000,-0.012
72.8400,0.045
72.8800,0.018
72.9200,-0.002
72.9600,0.019
73.0000,-0.009
73.0400,0.064
73.0800,0.023
73.1200,0.017
73.1600,0.002
73.2000,-0.049
73.2400,-0.006
73.2800,0.041
73.3200,0.044
73.3600,-0.004
73.4000,-0.007
73.4400,-0.030
73.4800,0.003
73.5200,-0.021
73.5600,0.065
73.6000,-0.002
73.6400,-0.018
73.6800,0.016
73.7200,-0.021
73.7600,-0.018
73.8000,0.078
73.8400,-0.028
73.8800,0.030
73.9200,0.004
73.9600,-0.013
74.0000,-0.053
74.0400,0.014
74.0800,0.011
74.1200,-0.005
74.1600,-0.017
74.2000,-0.003
74.2400,0.026
74.2800,-0.047
74.3200,-0.024
74.3600,-0.005
74.4000,-0.016
74.4400,0.019
74.4800,-0.023
74.5200,-0.013
74.5600,-0.015
74.6000,-0.034
74.6400,-0.005
74.6800,-0.001
74.7200,0.002
74.7600,-0.016
74.8000,0.008
74.8400,0.010
74.8800,0.036
74.9200,0.054
74.9600,0.006
75.0000,0.039
75.0400,-0.040
75.0800,-0.025
75.1200,-0.011
75.1600,0.106
75.2000,-0.020
75.2400,-0.017
75.2800,0.018
75.3200,0.037
75.3600,-0.022
75.4000,-0.015
75.4400,0.001
75.4800,0.030
75.5200,-0.034
75.5600,-0.033
75.6000,-0.004
75.6400,0.041
75.6800,0.010
75.7200,0.023
75.7600,0.044
75.8000,0.065
75.8400,0.030
75.8800,-0.030
75.9200,0.061
75.9600,-0.034
76.0000,0.014
76.0400,-0.052
76.0800,-0.015
76.1200,-0.041
76.1600,0.017
76.2000,0.039
76.2400,0.050
76.2800,0.017
76.3200,-0.035
76.3600,-0.027
76.4000,0.012
76.4400,-0.019
76.4800,-0.007
76.5200,0.007
76.5600,0.045
76.6000,-0.061
76.6400,-0.006
76.6800,-0.046
76.7200,0.024
76.7600,0.064
76.8000,0.010
76.8400,0.085
76.8800,-0.003
76.9200,0.072
76.9600,0.107
77.0000,0.085
77.0400,0.162
77.0800,0.216
77.1200,0.178
77.1600,0.284
77.2000,0.299
77.2400,0.377
77.2800,0.499
77.3200,0.606
77.3600,0.906
77.4000,1.179
77.4400,1.420
77.4800,1.845
77.5200,2.218
77.5600,2.765
77.6000,2.784
77.6400,3.151
77.6800,2.943
77.7200,2.743
77.7600,2.610
77.8000,2.422
77.8400,2.193
77.8800,1.754
77.9200,1.760
77.9600,1.327
78.0000,1.180
78.0400,0.796
78.0800,0.794
78.1200,0.463
78.1600,0.442
78.2000,0.293
78.2400,0.319
78.2800,0.164
78.3200,0.128
78.3600,0.184
78.4000,0.108
78.4400,0.079
78.4800,0.045
78.5200,0.002
78.5600,0.035
78.6000,0.028
78.6400,0.059
78.6800,-0.008
78.7200,-0.043
78.7600,0.007
78.8000,0.032
78.8400,-0.018
78.8800,-0.005
78.9200,-0.024
78.9600,-0.005
79.0000,-0.015
79.0400,0.041
79.0800,0.044
79.1200,-0.015
79.1600,0.006
79.2000,0.034
79.2400,0.040
79.2800,-0.035
79.3200,-0.033
79.3600,0.006
79.4000,0.014
79.4400,-0.003
79.4800,0.005
79.5200,-0.055
79.5600,0.020
79.6000,0.059
79.6400,0.047
79.6800,0.027
79.7200,-0.057
79.7600,-0.027
79.8000,0.002
79.8400,-0.032
79.8800,-0.028
79.9200,0.019
79.9600,0.048
80.0000,0.003
80.0400,-0.021
80.0800,-0.032
80.1200,-0.022
80.1600,0.030
80.2000,-0.079
80.2400,-0.028
80.2800,-0.001
80.3200,-0.006
80.3600,0.012
80.4000,0.039
80.4400,-0.014
80.4800,-0.020
80.5200,0.020
80.5600,0.006
80.6000,0.024
80.6400,-0.074
80.6800,-0.025
80.7200,-0.012
80.7600,0.026
80.8000,-0.064
80.8400,-0.011
80.8800,-0.016
80.9200,0.023
80.9600,-0.033
81.0000,-0.031
81.0400,0.021
81.0800,0.027
81.1200,-0.012
81.1600,-0.031
81.2000,0.031
81.2400,0.046
81.2800,0.040
81.3200,0.027
81.3600,0.113
81.4000,0.175
81.4400,0.172
81.4800,0.166
81.5200,0.222
81.5600,0.407
81.6000,0.606
81.6400,0.632
81.6800,0.806
81.7200,0.867
81.7600,1.161
81.8000,0.915
81.8400,0.868
81.8800,0.866
81.9200,0.816
81.9600,0.762
82.0000,0.652
82.0400,0.627
82.0800,0.521
82.1200,0.388
82.1600,0.272
82.2000,0.178
82.2400,0.126
82.2800,0.110
82.3200,0.062
82.3600,0.053
82.4000,0.032
82.4400,0.042
82.4800,0.022
82.5200,-0.067
82.5600,0.011
82.6000,-0.034
82.6400,-0.010
82.6800,-0.032
82.7200,-0.071
82.7600,0.056
82.8000,0.021
82.8400,0.006
82.8800,0.042
82.9200,0.009
82.9600,-0.005
83.0000,0.030
83.0400,-0.012
83.0800,-0.005
83.1200,-0.026
83.1600,-0.030
83.2000,-0.030
83.2400,-0.009
83.2800,0.007
83.3200,-0.005
83.3600,0.015
83.4000,-0.012
83.4400,-0.019
83.4800,0.020
83.5200,-0.031
83.5600,0.001
83.6000,-0.025
83.6400,0.008
83.6800,-0.023
83.7200,0.038
83.7600,0.000
83.8000,-0.016
83.8400,-0.008
83.8800,0.021
83.9200,-0.002
83.9600,-0.029
84.0000,-0.029
84.0400,0.018
84.0800,0.078
84.1200,-0.018
84.1600,-0.012
84.2000,-0.004
84.2400,-0.053
84.2800,0.004
84.3200,-0.003
84.3600,0.006
84.4000,0.005
84.4400,-0.022
84.4800,0.029
84.5200,-0.002
84.5600,0.008
84.6000,0.025
84.6400,-0.024
84.6800,0.028
84.7200,0.058
84.7600,0.032
84.8000,0.004
84.8400,0.019
84.8800,0.058
84.9200,0.007
84.9600,-0.007
85.0000,0.006
85.0400,-0.005
85.0800,-0.023
85.1200,-0.007
85.1600,-0.022
85.2000,-0.028
85.2400,-0.054
85.2800,0.031
85.3200,-0.002
85.3600,-0.019
85.4000,0.039
85.4400,0.029
85.4800,0.023
85.5200,0.032
85.5600,0.049
85.6000,-0.029
85.6400,-0.041
85.6800,0.032
85.7200,0.003
85.7600,0.020
85.8000,0.036
85.8400,-0.005
85.8800,-0.028
85.9200,0.003
85.9600,-0.006
86.0000,-0.022
86.0400,-0.003
86.0800,0.017
86.1200,-0.020
86.1600,0.005
86.2000,-0.029
86.2400,-0.005
86.2800,-0.028
86.3200,-0.020
86.3600,-0.006
86.4000,-0.009
86.4400,0.016
86.4800,-0.024
86.5200,-0.022
86.5600,-0.005
86.6000,-0.021
86.6400,0.046
86.6800,-0.015
86.7200,-0.028
86.7600,0.007
86.8000,0.005
86.8400,0.031
86.8800,0.021
86.9200,0.013
86.9600,0.017
87.0000,0.014
87.0400,-0.007
87.0800,0.017
87.1200,-0.004
87.1600,0.032
87.2000,0.003
87.2400,-0.033
87.2800,-0.006
87.3200,0.040
87.3600,-0.036
87.4000,0.041
87.4400,0.015
87.4800,-0.037
87.5200,0.055
87.5600,-0.011
87.6000,0.009
87.6400,0.015
87.6800,0.005
87.7200,-0.034
87.7600,-0.006
87.8000,0.042
87.8400,0.008
87.8800,-0.011
87.9200,-0.020
87.9600,0.018
88.0000,0.008
88.0400,-0.027
88.0800,-0.011
88.1200,0.033
88.1600,-0.010
88.2000,0.001
88.2400,-0.027
88.2800,-0.007
88.3200,-0.001
88.3600,0.031
88.4000,0.014
88.4400,-0.026
88.4800,-0.023
88.5200,0.051
88.5600,-0.014
88.6000,-0.005
88.6400,-0.006
88.6800,0.017
88.7200,-0.056
88.7600,-0.016
88.8000,0.006
88.8400,-0.016
88.8800,-0.013
88.9200,-0.037
88.9600,0.014
89.0000,-0.062
89.0400,0.003
89.0800,0.019
89.1200,-0.024
89.1600,-0.001
89.2000,-0.015
89.2400,0.002
89.2800,0.000
89.3200,-0.023
89.3600,0.003
89.4000,0.016
89.4400,-0.027
89.4800,-0.027
89.5200,0.000
89.5600,0.035
89.6000,-0.017
89.6400,-0.032
89.6800,0.038
89.7200,0.025
89.7600,-0.013
89.8000,0.011
89.8400,-0.049
89.8800,-0.023
89.9200,0.016
89.9600,-0.041
90.0000,0.000
